java_path	manifest_status_before	rust_location_or_none	verdict
orig_src/Ghidra/Framework/SoftwareModeling/src/main/java/ghidra/program/model/data/AIFFDataType.java	DONE	ghidra-rs/src/program/model/data/aiff_data_type.rs:trait (trait for concrete Java class; mock-only)	phantom
orig_src/Ghidra/Framework/SoftwareModeling/src/main/java/ghidra/program/model/data/AUDataType.java	TODO	none	missing
orig_src/Ghidra/Framework/SoftwareModeling/src/main/java/ghidra/program/model/data/AbstractColorDataType.java	TODO	none	missing
orig_src/Ghidra/Framework/SoftwareModeling/src/main/java/ghidra/program/model/data/AbstractComplexDataType.java	DONE	ghidra-rs/src/program/model/data/abstract_complex_data_type.rs:trait	real
orig_src/Ghidra/Framework/SoftwareModeling/src/main/java/ghidra/program/model/data/AbstractDataType.java	DONE	ghidra-rs/src/program/model/data/abstract_data_type.rs:trait	real
orig_src/Ghidra/Framework/SoftwareModeling/src/main/java/ghidra/program/model/data/AbstractFloatDataType.java	DONE	ghidra-rs/src/program/model/data/abstract_float_data_type.rs:trait	real
orig_src/Ghidra/Framework/SoftwareModeling/src/main/java/ghidra/program/model/data/AbstractIntegerDataType.java	DONE	ghidra-rs/src/program/model/data/abstract_integer_data_type.rs:trait	real
orig_src/Ghidra/Framework/SoftwareModeling/src/main/java/ghidra/program/model/data/AbstractLeb128DataType.java	DONE	ghidra-rs/src/program/model/data/abstract_leb128_data_type.rs:trait	real
orig_src/Ghidra/Framework/SoftwareModeling/src/main/java/ghidra/program/model/data/AbstractSignedIntegerDataType.java	DONE	ghidra-rs/src/program/model/data/abstract_signed_integer_data_type.rs:trait	real
orig_src/Ghidra/Framework/SoftwareModeling/src/main/java/ghidra/program/model/data/AbstractStringDataType.java	DONE	ghidra-rs/src/program/model/data/abstract_string_data_type.rs:struct+trait (StringDataTypeSpec + BuiltInBase; string_data_type! macro)	real
orig_src/Ghidra/Framework/SoftwareModeling/src/main/java/ghidra/program/model/data/AbstractUnsignedIntegerDataType.java	DONE	ghidra-rs/src/program/model/data/abstract_unsigned_integer_data_type.rs:trait	real
orig_src/Ghidra/Framework/SoftwareModeling/src/main/java/ghidra/program/model/data/AlignmentDataType.java	DONE	ghidra-rs/src/program/model/data/alignment_data_type.rs:trait (trait for concrete Java class; mock-only)	phantom
orig_src/Ghidra/Framework/SoftwareModeling/src/main/java/ghidra/program/model/data/ArrayDataType.java	DONE	ghidra-rs/src/program/model/data/array_data_type.rs:struct (Arc base type)	real
orig_src/Ghidra/Framework/SoftwareModeling/src/main/java/ghidra/program/model/data/BadDataType.java	DONE	ghidra-rs/src/program/model/data/bad_data_type.rs:trait (trait for concrete Java class; mock-only)	phantom
orig_src/Ghidra/Framework/SoftwareModeling/src/main/java/ghidra/program/model/data/BitFieldDataType.java	DONE	ghidra-rs/src/program/model/data/bit_field_data_type.rs:struct	real
orig_src/Ghidra/Framework/SoftwareModeling/src/main/java/ghidra/program/model/data/BitmapResourceDataType.java	TODO	none	missing
orig_src/Ghidra/Framework/SoftwareModeling/src/main/java/ghidra/program/model/data/BooleanDataType.java	DONE	ghidra-rs/src/program/model/data/boolean_data_type.rs:trait (trait for concrete Java class; mock-only)	phantom
orig_src/Ghidra/Framework/SoftwareModeling/src/main/java/ghidra/program/model/data/BuiltIn.java	DONE	ghidra-rs/src/program/model/data/built_in.rs:trait	real
orig_src/Ghidra/Framework/SoftwareModeling/src/main/java/ghidra/program/model/data/BuiltInDataType.java	DONE	ghidra-rs/src/program/model/data/built_in_data_type.rs:trait	real
orig_src/Ghidra/Framework/SoftwareModeling/src/main/java/ghidra/program/model/data/ByteDataType.java	DONE	ghidra-rs/src/program/model/data/byte_data_type.rs:trait (trait for concrete Java class; mock-only)	phantom
orig_src/Ghidra/Framework/SoftwareModeling/src/main/java/ghidra/program/model/data/CharDataType.java	DONE	ghidra-rs/src/program/model/data/char_data_type.rs:struct	real
orig_src/Ghidra/Framework/SoftwareModeling/src/main/java/ghidra/program/model/data/Complex16DataType.java	DONE	ghidra-rs/src/program/model/data/complex16_data_type.rs:trait (trait for concrete Java class; mock-only)	phantom
orig_src/Ghidra/Framework/SoftwareModeling/src/main/java/ghidra/program/model/data/Complex32DataType.java	DONE	ghidra-rs/src/program/model/data/complex32_data_type.rs:trait (trait for concrete Java class; mock-only)	phantom
orig_src/Ghidra/Framework/SoftwareModeling/src/main/java/ghidra/program/model/data/Complex8DataType.java	DONE	ghidra-rs/src/program/model/data/complex8_data_type.rs:trait (trait for concrete Java class; mock-only)	phantom
orig_src/Ghidra/Framework/SoftwareModeling/src/main/java/ghidra/program/model/data/CountedDynamicDataType.java	DONE	ghidra-rs/src/program/model/data/counted_dynamic_data_type.rs:trait	real
orig_src/Ghidra/Framework/SoftwareModeling/src/main/java/ghidra/program/model/data/DWordDataType.java	TODO	ghidra-rs/src/program/model/data/dword_data_type.rs:trait (trait for concrete Java class; mock-only)	phantom
orig_src/Ghidra/Framework/SoftwareModeling/src/main/java/ghidra/program/model/data/DataType.java	DONE	ghidra-rs/src/program/model/data/data_type.rs:trait	real
orig_src/Ghidra/Framework/SoftwareModeling/src/main/java/ghidra/program/model/data/DataTypeImpl.java	DONE	ghidra-rs/src/program/model/data/data_type_impl.rs:trait	real
orig_src/Ghidra/Framework/SoftwareModeling/src/main/java/ghidra/program/model/data/DefaultDataType.java	DONE	ghidra-rs/src/program/model/data/default_data_type.rs:trait (trait for concrete Java class; mock-only)	phantom
orig_src/Ghidra/Framework/SoftwareModeling/src/main/java/ghidra/program/model/data/DialogResourceDataType.java	TODO	none	missing
orig_src/Ghidra/Framework/SoftwareModeling/src/main/java/ghidra/program/model/data/DoubleComplexDataType.java	DONE	ghidra-rs/src/program/model/data/double_complex_data_type.rs:trait (trait for concrete Java class; mock-only)	phantom
orig_src/Ghidra/Framework/SoftwareModeling/src/main/java/ghidra/program/model/data/DoubleDataType.java	DONE	ghidra-rs/src/program/model/data/double_data_type.rs:trait (trait for concrete Java class; mock-only)	phantom
orig_src/Ghidra/Framework/SoftwareModeling/src/main/java/ghidra/program/model/data/DynamicDataType.java	DONE	ghidra-rs/src/program/model/data/dynamic_data_type.rs:trait	real
orig_src/Ghidra/Framework/SoftwareModeling/src/main/java/ghidra/program/model/data/EnumDataType.java	DONE	ghidra-rs/src/program/model/data/enum_data_type.rs:struct	real
orig_src/Ghidra/Framework/SoftwareModeling/src/main/java/ghidra/program/model/data/FactoryDataType.java	DONE	ghidra-rs/src/program/model/data/factory_data_type.rs:trait	real
orig_src/Ghidra/Framework/SoftwareModeling/src/main/java/ghidra/program/model/data/FactoryStructureDataType.java	DONE	ghidra-rs/src/program/model/data/factory_structure_data_type.rs:trait	real
orig_src/Ghidra/Framework/SoftwareModeling/src/main/java/ghidra/program/model/data/FileTimeDataType.java	DONE	ghidra-rs/src/program/model/data/file_time_data_type.rs:trait (trait for concrete Java class; mock-only)	phantom
orig_src/Ghidra/Framework/SoftwareModeling/src/main/java/ghidra/program/model/data/Float10DataType.java	DONE	ghidra-rs/src/program/model/data/float10_data_type.rs:trait (trait for concrete Java class; mock-only)	phantom
orig_src/Ghidra/Framework/SoftwareModeling/src/main/java/ghidra/program/model/data/Float16DataType.java	DONE	ghidra-rs/src/program/model/data/float16_data_type.rs:trait (trait for concrete Java class; mock-only)	phantom
orig_src/Ghidra/Framework/SoftwareModeling/src/main/java/ghidra/program/model/data/Float2DataType.java	DONE	ghidra-rs/src/program/model/data/float2_data_type.rs:trait (trait for concrete Java class; mock-only)	phantom
orig_src/Ghidra/Framework/SoftwareModeling/src/main/java/ghidra/program/model/data/Float4DataType.java	DONE	ghidra-rs/src/program/model/data/float4_data_type.rs:trait (trait for concrete Java class; mock-only)	phantom
orig_src/Ghidra/Framework/SoftwareModeling/src/main/java/ghidra/program/model/data/Float8DataType.java	DONE	ghidra-rs/src/program/model/data/float8_data_type.rs:trait (trait for concrete Java class; mock-only)	phantom
orig_src/Ghidra/Framework/SoftwareModeling/src/main/java/ghidra/program/model/data/FloatComplexDataType.java	DONE	ghidra-rs/src/program/model/data/float_complex_data_type.rs:trait (trait for concrete Java class; mock-only)	phantom
orig_src/Ghidra/Framework/SoftwareModeling/src/main/java/ghidra/program/model/data/FloatDataType.java	DONE	ghidra-rs/src/program/model/data/float_data_type.rs:trait (trait for concrete Java class; mock-only)	phantom
orig_src/Ghidra/Framework/SoftwareModeling/src/main/java/ghidra/program/model/data/FunctionDefinitionDataType.java	DONE	ghidra-rs/src/program/model/data/function_definition_data_type.rs:trait (trait for concrete Java class; mock-only)	phantom
orig_src/Ghidra/Framework/SoftwareModeling/src/main/java/ghidra/program/model/data/GenericDataType.java	DONE	ghidra-rs/src/program/model/data/generic_data_type.rs:trait	real
orig_src/Ghidra/Framework/SoftwareModeling/src/main/java/ghidra/program/model/data/GifDataType.java	TODO	none	missing
orig_src/Ghidra/Framework/SoftwareModeling/src/main/java/ghidra/program/model/data/IBO32DataType.java	DONE	ghidra-rs/src/program/model/data/ibo32_data_type.rs:struct	real
orig_src/Ghidra/Framework/SoftwareModeling/src/main/java/ghidra/program/model/data/IBO64DataType.java	DONE	ghidra-rs/src/program/model/data/ibo64_data_type.rs:struct	real
orig_src/Ghidra/Framework/SoftwareModeling/src/main/java/ghidra/program/model/data/IconMaskResourceDataType.java	TODO	none	missing
orig_src/Ghidra/Framework/SoftwareModeling/src/main/java/ghidra/program/model/data/IconResourceDataType.java	TODO	none	missing
orig_src/Ghidra/Framework/SoftwareModeling/src/main/java/ghidra/program/model/data/IndexedDynamicDataType.java	DONE	ghidra-rs/src/program/model/data/indexed_dynamic_data_type.rs:trait	real
orig_src/Ghidra/Framework/SoftwareModeling/src/main/java/ghidra/program/model/data/Int16TDataType.java	DONE	ghidra-rs/src/program/model/data/int16_t_data_type.rs:trait (trait for concrete Java class; mock-only)	phantom
orig_src/Ghidra/Framework/SoftwareModeling/src/main/java/ghidra/program/model/data/Int32TDataType.java	DONE	ghidra-rs/src/program/model/data/int32_t_data_type.rs:trait (trait for concrete Java class; mock-only)	phantom
orig_src/Ghidra/Framework/SoftwareModeling/src/main/java/ghidra/program/model/data/Int64TDataType.java	DONE	ghidra-rs/src/program/model/data/int64_t_data_type.rs:trait (trait for concrete Java class; mock-only)	phantom
orig_src/Ghidra/Framework/SoftwareModeling/src/main/java/ghidra/program/model/data/Int8TDataType.java	DONE	ghidra-rs/src/program/model/data/int8_t_data_type.rs:trait (trait for concrete Java class; mock-only)	phantom
orig_src/Ghidra/Framework/SoftwareModeling/src/main/java/ghidra/program/model/data/Integer16DataType.java	DONE	ghidra-rs/src/program/model/data/integer16_data_type.rs:trait (trait for concrete Java class; mock-only)	phantom
orig_src/Ghidra/Framework/SoftwareModeling/src/main/java/ghidra/program/model/data/Integer3DataType.java	DONE	ghidra-rs/src/program/model/data/integer3_data_type.rs:trait (trait for concrete Java class; mock-only)	phantom
orig_src/Ghidra/Framework/SoftwareModeling/src/main/java/ghidra/program/model/data/Integer5DataType.java	DONE	ghidra-rs/src/program/model/data/integer5_data_type.rs:trait (trait for concrete Java class; mock-only)	phantom
orig_src/Ghidra/Framework/SoftwareModeling/src/main/java/ghidra/program/model/data/Integer6DataType.java	DONE	ghidra-rs/src/program/model/data/integer6_data_type.rs:trait (trait for concrete Java class; mock-only)	phantom
orig_src/Ghidra/Framework/SoftwareModeling/src/main/java/ghidra/program/model/data/Integer7DataType.java	DONE	ghidra-rs/src/program/model/data/integer7_data_type.rs:trait (trait for concrete Java class; mock-only)	phantom
orig_src/Ghidra/Framework/SoftwareModeling/src/main/java/ghidra/program/model/data/IntegerDataType.java	DONE	ghidra-rs/src/program/model/data/integer_data_type.rs:trait (trait for concrete Java class; mock-only)	phantom
orig_src/Ghidra/Framework/SoftwareModeling/src/main/java/ghidra/program/model/data/JPEGDataType.java	TODO	none	missing
orig_src/Ghidra/Framework/SoftwareModeling/src/main/java/ghidra/program/model/data/LongDataType.java	DONE	ghidra-rs/src/program/model/data/long_data_type.rs:trait (trait for concrete Java class; mock-only)	phantom
orig_src/Ghidra/Framework/SoftwareModeling/src/main/java/ghidra/program/model/data/LongDoubleComplexDataType.java	DONE	ghidra-rs/src/program/model/data/long_double_complex_data_type.rs:trait (trait for concrete Java class; mock-only)	phantom
orig_src/Ghidra/Framework/SoftwareModeling/src/main/java/ghidra/program/model/data/LongDoubleDataType.java	DONE	ghidra-rs/src/program/model/data/long_double_data_type.rs:trait (trait for concrete Java class; mock-only)	phantom
orig_src/Ghidra/Framework/SoftwareModeling/src/main/java/ghidra/program/model/data/LongLongDataType.java	DONE	ghidra-rs/src/program/model/data/long_long_data_type.rs:trait (trait for concrete Java class; mock-only)	phantom
orig_src/Ghidra/Framework/SoftwareModeling/src/main/java/ghidra/program/model/data/MIDIDataType.java	TODO	none	missing
orig_src/Ghidra/Framework/SoftwareModeling/src/main/java/ghidra/program/model/data/MacintoshTimeStampDataType.java	DONE	ghidra-rs/src/program/model/data/macintosh_time_stamp_data_type.rs:trait (trait for concrete Java class; mock-only)	phantom
orig_src/Ghidra/Framework/SoftwareModeling/src/main/java/ghidra/program/model/data/MenuResourceDataType.java	TODO	none	missing
orig_src/Ghidra/Framework/SoftwareModeling/src/main/java/ghidra/program/model/data/MetaDataType.java	DONE	ghidra-rs/src/program/model/data/meta_data_type.rs:enum	real
orig_src/Ghidra/Framework/SoftwareModeling/src/main/java/ghidra/program/model/data/MissingBuiltInDataType.java	DONE	ghidra-rs/src/program/model/data/missing_built_in_data_type.rs:trait (trait for concrete Java class; mock-only)	phantom
orig_src/Ghidra/Framework/SoftwareModeling/src/main/java/ghidra/program/model/data/PascalString255DataType.java	DONE	ghidra-rs/src/program/model/data/pascal_string255_data_type.rs:struct	real
orig_src/Ghidra/Framework/SoftwareModeling/src/main/java/ghidra/program/model/data/PascalStringDataType.java	DONE	ghidra-rs/src/program/model/data/pascal_string_data_type.rs:struct	real
orig_src/Ghidra/Framework/SoftwareModeling/src/main/java/ghidra/program/model/data/PascalUnicodeDataType.java	DONE	ghidra-rs/src/program/model/data/pascal_unicode_data_type.rs:struct	real
orig_src/Ghidra/Framework/SoftwareModeling/src/main/java/ghidra/program/model/data/PngDataType.java	TODO	none	missing
orig_src/Ghidra/Framework/SoftwareModeling/src/main/java/ghidra/program/model/data/Pointer16DataType.java	DONE	ghidra-rs/src/program/model/data/pointer16_data_type.rs:struct (newtype over PointerDataType)	real
orig_src/Ghidra/Framework/SoftwareModeling/src/main/java/ghidra/program/model/data/Pointer24DataType.java	DONE	ghidra-rs/src/program/model/data/pointer24_data_type.rs:struct (newtype over PointerDataType)	real
orig_src/Ghidra/Framework/SoftwareModeling/src/main/java/ghidra/program/model/data/Pointer32DataType.java	DONE	ghidra-rs/src/program/model/data/pointer32_data_type.rs:struct (newtype over PointerDataType)	real
orig_src/Ghidra/Framework/SoftwareModeling/src/main/java/ghidra/program/model/data/Pointer40DataType.java	DONE	ghidra-rs/src/program/model/data/pointer40_data_type.rs:struct (newtype over PointerDataType)	real
orig_src/Ghidra/Framework/SoftwareModeling/src/main/java/ghidra/program/model/data/Pointer48DataType.java	DONE	ghidra-rs/src/program/model/data/pointer48_data_type.rs:struct (newtype over PointerDataType)	real
orig_src/Ghidra/Framework/SoftwareModeling/src/main/java/ghidra/program/model/data/Pointer56DataType.java	DONE	ghidra-rs/src/program/model/data/pointer56_data_type.rs:struct (newtype over PointerDataType)	real
orig_src/Ghidra/Framework/SoftwareModeling/src/main/java/ghidra/program/model/data/Pointer64DataType.java	DONE	ghidra-rs/src/program/model/data/pointer64_data_type.rs:struct (newtype over PointerDataType)	real
orig_src/Ghidra/Framework/SoftwareModeling/src/main/java/ghidra/program/model/data/Pointer8DataType.java	DONE	ghidra-rs/src/program/model/data/pointer8_data_type.rs:struct (newtype over PointerDataType)	real
orig_src/Ghidra/Framework/SoftwareModeling/src/main/java/ghidra/program/model/data/PointerDataType.java	DONE	ghidra-rs/src/program/model/data/pointer_data_type.rs:struct	real
orig_src/Ghidra/Framework/SoftwareModeling/src/main/java/ghidra/program/model/data/PointerSizedIntegerDataType.java	DONE	ghidra-rs/src/program/model/data/pointer_sized_integer_data_type.rs:trait (trait for concrete Java class; mock-only)	phantom
orig_src/Ghidra/Framework/SoftwareModeling/src/main/java/ghidra/program/model/data/QWordDataType.java	TODO	ghidra-rs/src/program/model/data/qword_data_type.rs:trait (trait for concrete Java class; mock-only)	phantom
orig_src/Ghidra/Framework/SoftwareModeling/src/main/java/ghidra/program/model/data/RGB16ColorDataType.java	TODO	none	missing
orig_src/Ghidra/Framework/SoftwareModeling/src/main/java/ghidra/program/model/data/RGB32ColorDataType.java	TODO	none	missing
orig_src/Ghidra/Framework/SoftwareModeling/src/main/java/ghidra/program/model/data/RepeatCountDataType.java	DONE	ghidra-rs/src/program/model/data/repeat_count_data_type.rs:trait	real
orig_src/Ghidra/Framework/SoftwareModeling/src/main/java/ghidra/program/model/data/RepeatedDynamicDataType.java	DONE	ghidra-rs/src/program/model/data/repeated_dynamic_data_type.rs:trait	real
orig_src/Ghidra/Framework/SoftwareModeling/src/main/java/ghidra/program/model/data/RepeatedStringDataType.java	DONE	ghidra-rs/src/program/model/data/repeated_string_data_type.rs:struct	real
orig_src/Ghidra/Framework/SoftwareModeling/src/main/java/ghidra/program/model/data/SegmentedCodePointerDataType.java	DONE	ghidra-rs/src/program/model/data/segmented_code_pointer_data_type.rs:trait (trait for concrete Java class; mock-only)	phantom
orig_src/Ghidra/Framework/SoftwareModeling/src/main/java/ghidra/program/model/data/ShiftedAddressDataType.java	DONE	ghidra-rs/src/program/model/data/shifted_address_data_type.rs:trait (trait for concrete Java class; mock-only)	phantom
orig_src/Ghidra/Framework/SoftwareModeling/src/main/java/ghidra/program/model/data/ShortDataType.java	DONE	ghidra-rs/src/program/model/data/short_data_type.rs:trait (trait for concrete Java class; mock-only)	phantom
orig_src/Ghidra/Framework/SoftwareModeling/src/main/java/ghidra/program/model/data/SignedByteDataType.java	DONE	ghidra-rs/src/program/model/data/signed_byte_data_type.rs:trait (trait for concrete Java class; mock-only)	phantom
orig_src/Ghidra/Framework/SoftwareModeling/src/main/java/ghidra/program/model/data/SignedCharDataType.java	DONE	ghidra-rs/src/program/model/data/signed_char_data_type.rs:struct	real
orig_src/Ghidra/Framework/SoftwareModeling/src/main/java/ghidra/program/model/data/SignedDWordDataType.java	DONE	ghidra-rs/src/program/model/data/signed_dword_data_type.rs:trait (trait for concrete Java class; mock-only)	phantom
orig_src/Ghidra/Framework/SoftwareModeling/src/main/java/ghidra/program/model/data/SignedLeb128DataType.java	DONE	ghidra-rs/src/program/model/data/signed_leb128_data_type.rs:struct	real
orig_src/Ghidra/Framework/SoftwareModeling/src/main/java/ghidra/program/model/data/SignedQWordDataType.java	DONE	ghidra-rs/src/program/model/data/signed_qword_data_type.rs:trait (trait for concrete Java class; mock-only)	phantom
orig_src/Ghidra/Framework/SoftwareModeling/src/main/java/ghidra/program/model/data/SignedWordDataType.java	DONE	ghidra-rs/src/program/model/data/signed_word_data_type.rs:trait (trait for concrete Java class; mock-only)	phantom
orig_src/Ghidra/Framework/SoftwareModeling/src/main/java/ghidra/program/model/data/StringDataType.java	DONE	ghidra-rs/src/program/model/data/string_data_type.rs:struct	real
orig_src/Ghidra/Framework/SoftwareModeling/src/main/java/ghidra/program/model/data/StringUTF8DataType.java	DONE	ghidra-rs/src/program/model/data/string_utf8_data_type.rs:struct	real
orig_src/Ghidra/Framework/SoftwareModeling/src/main/java/ghidra/program/model/data/StructureDataType.java	TODO	ghidra-rs/src/program/model/data/structure_data_type.rs:struct	real
orig_src/Ghidra/Framework/SoftwareModeling/src/main/java/ghidra/program/model/data/StructuredDynamicDataType.java	DONE	ghidra-rs/src/program/model/data/structured_dynamic_data_type.rs:trait	real
orig_src/Ghidra/Framework/SoftwareModeling/src/main/java/ghidra/program/model/data/TerminatedStringDataType.java	DONE	ghidra-rs/src/program/model/data/terminated_string_data_type.rs:struct	real
orig_src/Ghidra/Framework/SoftwareModeling/src/main/java/ghidra/program/model/data/TerminatedUnicode32DataType.java	DONE	ghidra-rs/src/program/model/data/terminated_unicode32_data_type.rs:struct	real
orig_src/Ghidra/Framework/SoftwareModeling/src/main/java/ghidra/program/model/data/TerminatedUnicodeDataType.java	DONE	ghidra-rs/src/program/model/data/terminated_unicode_data_type.rs:struct	real
orig_src/Ghidra/Framework/SoftwareModeling/src/main/java/ghidra/program/model/data/TypedefDataType.java	DONE	ghidra-rs/src/program/model/data/typedef_data_type.rs:struct (Arc base type)	real
orig_src/Ghidra/Framework/SoftwareModeling/src/main/java/ghidra/program/model/data/UInt16TDataType.java	DONE	ghidra-rs/src/program/model/data/uint16_t_data_type.rs:trait (trait for concrete Java class; mock-only)	phantom
orig_src/Ghidra/Framework/SoftwareModeling/src/main/java/ghidra/program/model/data/UInt32TDataType.java	DONE	ghidra-rs/src/program/model/data/uint32_t_data_type.rs:trait (trait for concrete Java class; mock-only)	phantom
orig_src/Ghidra/Framework/SoftwareModeling/src/main/java/ghidra/program/model/data/UInt64TDataType.java	DONE	ghidra-rs/src/program/model/data/uint64_t_data_type.rs:trait (trait for concrete Java class; mock-only)	phantom
orig_src/Ghidra/Framework/SoftwareModeling/src/main/java/ghidra/program/model/data/UInt8TDataType.java	DONE	ghidra-rs/src/program/model/data/uint8_t_data_type.rs:trait (trait for concrete Java class; mock-only)	phantom
orig_src/Ghidra/Framework/SoftwareModeling/src/main/java/ghidra/program/model/data/Undefined.java	DONE	ghidra-rs/src/program/model/data/undefined.rs:trait	real
orig_src/Ghidra/Framework/SoftwareModeling/src/main/java/ghidra/program/model/data/Undefined1DataType.java	DONE	ghidra-rs/src/program/model/data/undefined1_data_type.rs:trait (trait for concrete Java class; mock-only)	phantom
orig_src/Ghidra/Framework/SoftwareModeling/src/main/java/ghidra/program/model/data/Undefined2DataType.java	DONE	ghidra-rs/src/program/model/data/undefined2_data_type.rs:trait (trait for concrete Java class; mock-only)	phantom
orig_src/Ghidra/Framework/SoftwareModeling/src/main/java/ghidra/program/model/data/Undefined3DataType.java	DONE	ghidra-rs/src/program/model/data/undefined3_data_type.rs:trait (trait for concrete Java class; mock-only)	phantom
orig_src/Ghidra/Framework/SoftwareModeling/src/main/java/ghidra/program/model/data/Undefined4DataType.java	DONE	ghidra-rs/src/program/model/data/undefined4_data_type.rs:trait (trait for concrete Java class; mock-only)	phantom
orig_src/Ghidra/Framework/SoftwareModeling/src/main/java/ghidra/program/model/data/Undefined5DataType.java	DONE	ghidra-rs/src/program/model/data/undefined5_data_type.rs:trait (trait for concrete Java class; mock-only)	phantom
orig_src/Ghidra/Framework/SoftwareModeling/src/main/java/ghidra/program/model/data/Undefined6DataType.java	DONE	ghidra-rs/src/program/model/data/undefined6_data_type.rs:trait (trait for concrete Java class; mock-only)	phantom
orig_src/Ghidra/Framework/SoftwareModeling/src/main/java/ghidra/program/model/data/Undefined7DataType.java	DONE	ghidra-rs/src/program/model/data/undefined7_data_type.rs:trait (trait for concrete Java class; mock-only)	phantom
orig_src/Ghidra/Framework/SoftwareModeling/src/main/java/ghidra/program/model/data/Undefined8DataType.java	DONE	ghidra-rs/src/program/model/data/undefined8_data_type.rs:trait (trait for concrete Java class; mock-only)	phantom
orig_src/Ghidra/Framework/SoftwareModeling/src/main/java/ghidra/program/model/data/Unicode32DataType.java	DONE	ghidra-rs/src/program/model/data/unicode32_data_type.rs:struct	real
orig_src/Ghidra/Framework/SoftwareModeling/src/main/java/ghidra/program/model/data/UnicodeDataType.java	DONE	ghidra-rs/src/program/model/data/unicode_data_type.rs:struct	real
orig_src/Ghidra/Framework/SoftwareModeling/src/main/java/ghidra/program/model/data/UnionDataType.java	DONE	ghidra-rs/src/program/model/data/union_data_type.rs:struct	real
orig_src/Ghidra/Framework/SoftwareModeling/src/main/java/ghidra/program/model/data/UnsignedCharDataType.java	DONE	ghidra-rs/src/program/model/data/unsigned_char_data_type.rs:struct	real
orig_src/Ghidra/Framework/SoftwareModeling/src/main/java/ghidra/program/model/data/UnsignedInteger16DataType.java	DONE	ghidra-rs/src/program/model/data/unsigned_integer16_data_type.rs:trait (trait for concrete Java class; mock-only)	phantom
orig_src/Ghidra/Framework/SoftwareModeling/src/main/java/ghidra/program/model/data/UnsignedInteger3DataType.java	DONE	ghidra-rs/src/program/model/data/unsigned_integer3_data_type.rs:trait (trait for concrete Java class; mock-only)	phantom
orig_src/Ghidra/Framework/SoftwareModeling/src/main/java/ghidra/program/model/data/UnsignedInteger5DataType.java	DONE	ghidra-rs/src/program/model/data/unsigned_integer5_data_type.rs:trait (trait for concrete Java class; mock-only)	phantom
orig_src/Ghidra/Framework/SoftwareModeling/src/main/java/ghidra/program/model/data/UnsignedInteger6DataType.java	DONE	ghidra-rs/src/program/model/data/unsigned_integer6_data_type.rs:trait (trait for concrete Java class; mock-only)	phantom
orig_src/Ghidra/Framework/SoftwareModeling/src/main/java/ghidra/program/model/data/UnsignedInteger7DataType.java	DONE	ghidra-rs/src/program/model/data/unsigned_integer7_data_type.rs:trait (trait for concrete Java class; mock-only)	phantom
orig_src/Ghidra/Framework/SoftwareModeling/src/main/java/ghidra/program/model/data/UnsignedIntegerDataType.java	DONE	ghidra-rs/src/program/model/data/unsigned_integer_data_type.rs:trait (trait for concrete Java class; mock-only)	phantom
orig_src/Ghidra/Framework/SoftwareModeling/src/main/java/ghidra/program/model/data/UnsignedLeb128DataType.java	DONE	ghidra-rs/src/program/model/data/unsigned_leb128_data_type.rs:struct	real
orig_src/Ghidra/Framework/SoftwareModeling/src/main/java/ghidra/program/model/data/UnsignedLongDataType.java	DONE	ghidra-rs/src/program/model/data/unsigned_long_data_type.rs:trait (trait for concrete Java class; mock-only)	phantom
orig_src/Ghidra/Framework/SoftwareModeling/src/main/java/ghidra/program/model/data/UnsignedLongLongDataType.java	DONE	ghidra-rs/src/program/model/data/unsigned_long_long_data_type.rs:trait (trait for concrete Java class; mock-only)	phantom
orig_src/Ghidra/Framework/SoftwareModeling/src/main/java/ghidra/program/model/data/UnsignedPointerSizedIntegerDataType.java	DONE	ghidra-rs/src/program/model/data/unsigned_pointer_sized_integer_data_type.rs:trait (trait for concrete Java class; mock-only)	phantom
orig_src/Ghidra/Framework/SoftwareModeling/src/main/java/ghidra/program/model/data/UnsignedShortDataType.java	DONE	ghidra-rs/src/program/model/data/unsigned_short_data_type.rs:trait (trait for concrete Java class; mock-only)	phantom
orig_src/Ghidra/Framework/SoftwareModeling/src/main/java/ghidra/program/model/data/VoidDataType.java	DONE	ghidra-rs/src/program/model/data/void_data_type.rs:trait (trait for concrete Java class; mock-only)	phantom
orig_src/Ghidra/Framework/SoftwareModeling/src/main/java/ghidra/program/model/data/WAVEDataType.java	TODO	none	missing
orig_src/Ghidra/Framework/SoftwareModeling/src/main/java/ghidra/program/model/data/WideChar16DataType.java	DONE	ghidra-rs/src/program/model/data/wide_char16_data_type.rs:struct	real
orig_src/Ghidra/Framework/SoftwareModeling/src/main/java/ghidra/program/model/data/WideChar32DataType.java	DONE	ghidra-rs/src/program/model/data/wide_char32_data_type.rs:struct	real
orig_src/Ghidra/Framework/SoftwareModeling/src/main/java/ghidra/program/model/data/WideCharDataType.java	DONE	ghidra-rs/src/program/model/data/wide_char_data_type.rs:struct	real
orig_src/Ghidra/Framework/SoftwareModeling/src/main/java/ghidra/program/model/data/WordDataType.java	DONE	ghidra-rs/src/program/model/data/word_data_type.rs:trait (trait for concrete Java class; mock-only)	phantom
