ts	reason	path
2026-08-01T02:39	timeout	Ghidra/Framework/SoftwareModeling/src/main/java/ghidra/program/database/data/DataTypeUtilities.java
2026-08-01T03:19	timeout	Ghidra/Framework/SoftwareModeling/src/main/java/ghidra/program/model/data/StructureDataType.java
2026-08-01T04:47	timeout	Ghidra/Features/PDB/src/main/java/ghidra/app/util/bin/format/pdb2/pdbreader/C13Type.java
2026-08-01T21:40	timeout	Ghidra/Features/PDB/src/main/java/ghidra/app/util/bin/format/pdb2/pdbreader/C13Section.java
2026-08-01T22:20	timeout	Ghidra/Features/PDB/src/main/java/ghidra/app/util/bin/format/pdb2/pdbreader/DebugHeader.java
2026-08-01T23:06	timeout	Ghidra/Features/MicrosoftDmang/src/main/java/mdemangler/datatype/MDDataType.java
2026-08-02T01:18	timeout	Ghidra/Features/MicrosoftDmang/src/main/java/mdemangler/naming/MDNestedName.java
2026-08-02T01:58	timeout	Ghidra/Features/MicrosoftDmang/src/main/java/mdemangler/naming/MDQualifier.java
2026-08-03T02:05	timeout	Ghidra/Features/MicrosoftDmang/src/main/java/mdemangler/MDFuzzyFit.java
2026-08-03T02:45	timeout	Ghidra/Features/MicrosoftDmang/src/main/java/mdemangler/datatype/modifier/MDCVMod.java
2026-08-03T03:25	timeout	Ghidra/Features/MicrosoftDmang/src/main/java/mdemangler/MDMangVS2015.java
2026-08-03T04:05	timeout	Ghidra/Features/MicrosoftDmang/src/main/java/mdemangler/MDMang.java
2026-08-03T21:37	timeout	Ghidra/Features/PDB/src/main/java/ghidra/app/util/bin/format/pdb2/pdbreader/type/VtShapeDescriptorMsProperty.java
2026-08-03T22:02	timeout	Ghidra/Features/PDB/src/main/java/ghidra/app/util/bin/format/pdb2/pdbreader/symbol/LanguageName.java
2026-08-03T22:27	timeout	Ghidra/Features/PDB/src/main/java/ghidra/app/util/bin/format/pdb2/pdbreader/symbol/AbstractCompile2MsSymbol.java
2026-08-03T22:52	timeout	Ghidra/Features/PDB/src/main/java/ghidra/app/util/bin/format/pdb2/pdbreader/symbol/DataHighLevelShaderLanguageSymbolInternals.java
2026-08-03T23:17	timeout	Ghidra/Features/PDB/src/main/java/ghidra/app/util/bin/format/pdb2/pdbreader/symbol/AbstractDefinedSingleAddressRangeMsSymbol.java
2026-08-03T23:42	timeout	Ghidra/Features/PDB/src/main/java/ghidra/app/util/bin/format/pdb2/pdbreader/symbol/InstructionAnnotation.java
2026-08-04T00:07	timeout	Ghidra/Features/PDB/src/main/java/ghidra/app/util/bin/format/pdb2/pdbreader/symbol/InlinedFunctionCallsiteExtendedMsSymbol.java
2026-08-04T02:13	timeout	Ghidra/Features/PDB/src/main/java/ghidra/app/util/bin/format/pdb2/pdbreader/PdbLog.java
2026-08-04T02:38	timeout	Ghidra/Features/PDB/src/main/java/ghidra/app/util/bin/format/pdb2/pdbreader/EmptyTPI.java
2026-08-04T03:25	timeout	Ghidra/Features/PDB/src/main/java/ghidra/app/util/bin/format/pdb2/pdbreader/SymbolRecords.java
2026-08-04T06:05	timeout	Ghidra/Features/PDB/src/main/java/ghidra/app/util/bin/format/pdb2/pdbreader/PdbDebugInfo.java
2026-08-08T03:56	timeout	Ghidra/Debug/Framework-TraceModeling/src/main/java/ghidra/trace/database/listing/DBTraceCodeUnitAdapter.java
2026-08-08T08:44	shape-undecided (R8a-constants-interface)	Ghidra/Debug/Framework-TraceModeling/src/main/java/ghidra/trace/model/target/iface/TraceEventScope.java
2026-08-09T05:34	shape-undecided (R8b-marker)	Ghidra/Debug/Framework-TraceModeling/src/main/java/ghidra/trace/model/target/iface/TraceActivatable.java
2026-08-09T05:34	shape-undecided (R8a-constants-interface)	Ghidra/Debug/Framework-TraceModeling/src/main/java/ghidra/trace/model/target/iface/TraceEnvironment.java
2026-08-09T05:34	shape-undecided (R8a-constants-interface)	Ghidra/Debug/Framework-TraceModeling/src/main/java/ghidra/trace/model/target/iface/TraceFocusScope.java
2026-08-09T05:34	shape-undecided (R8a-constants-interface)	Ghidra/Debug/Framework-TraceModeling/src/main/java/ghidra/trace/model/target/iface/TraceMethod.java
2026-08-09T21:16	shape-undecided (R8b-marker)	Ghidra/Debug/Framework-TraceModeling/src/main/java/ghidra/pcode/exec/trace/data/PcodeTraceMemoryAccess.java
2026-08-10T04:12	shape-undecided (R4-annotation)	Ghidra/Debug/ProposedUtils/src/main/java/ghidra/framework/options/annotation/AutoOptionDefined.java
2026-08-10T04:12	shape-undecided (R8a-constants-interface)	Ghidra/Debug/ProposedUtils/src/main/java/ghidra/framework/options/AutoOptions.java
2026-08-10T05:27	shape-undecided (R8b-marker)	Ghidra/Features/Base/src/main/java/ghidra/app/util/viewer/field/FieldMouseHandlerExtension.java
2026-08-11T03:52	shape-undecided (R8a-constants-interface)	Ghidra/Framework/Emulation/src/main/java/ghidra/pcode/emu/jit/gen/GenConsts.java
2026-08-11T03:58	shape-undecided (R8b-marker)	Ghidra/Framework/Emulation/src/main/java/ghidra/pcode/emu/jit/gen/util/Check.java
2026-08-11T03:58	shape-undecided (R8b-marker)	Ghidra/Framework/Emulation/src/main/java/ghidra/pcode/emu/jit/gen/util/Fld.java
2026-08-11T05:25	shape-undecided (R8b-marker)	Ghidra/Framework/Emulation/src/main/java/ghidra/pcode/emu/jit/var/JitMemoryVar.java
2026-08-12T23:31	timeout	Ghidra/Framework/Emulation/src/main/java/ghidra/pcode/emu/jit/analysis/JitDataFlowModel.java
2026-08-14T21:26	timeout-retry	Ghidra/Framework/Emulation/src/main/java/ghidra/pcode/emu/jit/analysis/JitDataFlowUseropLibrary.java
2026-08-14T21:51	timeout-retry	Ghidra/Framework/Emulation/src/main/java/ghidra/pcode/emu/jit/analysis/JitDataFlowUseropLibrary.java
2026-08-14T22:16	timeout	Ghidra/Framework/Emulation/src/main/java/ghidra/pcode/emu/jit/analysis/JitDataFlowUseropLibrary.java
2026-08-15T04:19	timeout-retry	Ghidra/Features/Base/src/main/java/ghidra/app/util/bin/format/dwarf/DWARFCompilationUnit.java
2026-08-15T04:44	timeout-retry	Ghidra/Features/Base/src/main/java/ghidra/app/util/bin/format/dwarf/DWARFCompilationUnit.java
2026-08-15T05:10	timeout	Ghidra/Features/Base/src/main/java/ghidra/app/util/bin/format/dwarf/DWARFCompilationUnit.java
2026-08-15T05:56	shape-undecided (R4-annotation)	Ghidra/Features/Base/src/main/java/ghidra/app/util/bin/format/golang/structmapping/FieldOutput.java
2026-08-16T22:09	shape-undecided (R8b-marker)	Ghidra/Features/Decompiler/src/main/java/ghidra/app/decompiler/component/hover/DecompilerHoverService.java
2026-08-17T01:23	timeout-retry	Ghidra/Features/VersionTracking/src/main/java/ghidra/feature/vt/api/db/VTMatchSetDB.java
2026-08-17T03:56	shape-undecided (R8b-marker)	Ghidra/Features/Base/src/main/java/ghidra/app/plugin/core/codebrowser/hover/ListingHoverService.java
2026-08-17T22:02	shape-undecided (R8b-marker)	Ghidra/Features/ByteViewer/src/main/java/ghidra/app/plugin/core/format/UniversalDataFormatModel.java
2026-08-18T02:32	timeout	Ghidra/Debug/Debugger/src/main/java/ghidra/app/plugin/core/debug/disassemble/DebuggerDisassemblerPlugin.java
2026-09-20T15:59	missing-prerequisite (39 unported jit op/var types: JitCatenateOp, JitMissingVar, JitConstVal, JitDataFlowModel, etc.; existing seam_stubs.rs exact-match placeholder already serves current dependents)	Ghidra/Framework/Emulation/src/main/java/ghidra/pcode/emu/jit/analysis/JitDataFlowState.java
2026-09-20T12:46	missing-prerequisite (shape rule says struct, but Box<dyn DBTraceObject> is already pervasive across existing real ports -- DBTraceObjectValue, DBTraceObjectManager stub -- forcing a concrete struct now means rewriting that consumer surface, out of scope for one class; real DB backing store DBCachedObjectStoreCore is still a stub trait so a faithful struct with genuine record I/O cannot be built without fabricating store/cache scaffolding)	Ghidra/Debug/Framework-TraceModeling/src/main/java/ghidra/trace/database/target/DBTraceObject.java
2026-09-20T13:16	missing-prerequisite (default getComponent/getComponentContaining/getComponentsContaining/getPrimitiveAt construct sibling DBTraceDataArrayElementComponent/DBTraceDataCompositeFieldComponent holding this as parent -- Java GC-shared 'this', which needs an explicit Arc<Self> this trait cannot manufacture from &self without either inventing Arc<Self>-receiver machinery or the forbidden global RwLock-guarded mutable cache; also the DynamicDataType-specific getNumComponents(Data)/getComponent(index,Data) and Union::getComponents() are not yet exposed on this crate's Dynamic/Union traits, so the Composite/Array/Union/Dynamic branch logic cannot be completed faithfully either)	Ghidra/Debug/Framework-TraceModeling/src/main/java/ghidra/trace/database/listing/DBTraceDefinedDataAdapter.java
2026-09-20T13:17	missing-prerequisite (DB-backed manager: carries protected final ReadWriteLock + 6 DBCachedObjectStore<T> tables + invalidateCache() staleness plumbing -- exactly the reentrant-lock/cache scaffolding the ownership convention forbids; DBCachedObjectStore itself is still only a stub trait in util/seam_stubs.rs, not a real generic per-table store, so there is no snapshot/transaction primitive yet to port the real query/iteration behavior against without inventing one)	Ghidra/Debug/Framework-TraceModeling/src/main/java/ghidra/trace/database/symbol/DBTraceSymbolManager.java
2026-09-20T19:27	missing-prerequisite (constructor and markup() both depend on real parse/markup behavior of DyldChainedStartsInImage (123 lines) and DyldChainedImports/DyldChainedImport (88+147 lines), all still TODO and not part of this batch -- a faithful port of this class is not separable from porting those three first; a placeholder stub would only be narrow-accessor-shaped, but here the missing behavior IS the constructor's parse logic and markup()'s core effect, not a peripheral method)	Ghidra/Features/Base/src/main/java/ghidra/app/util/bin/format/macho/commands/chained/DyldChainedFixupHeader.java
2026-09-21T22:17	missing-prerequisite (shape rule says struct for FieldContext/StructureContext -- Java record/concrete-class -- but format/seam_stubs.rs already carries pub trait FieldContext<T>/StructureContext<T>/StructureMappingInfo<T>/MarkupSession placeholders in WIDE production use: GoFuncData/GoFunctabEntry/GoItab store Box<dyn StructureContext<Self>> as a struct field, each with its own MockStructureContext/MockStructureMappingInfo test impls, plus GoRttiMapper/FieldMarkupFunction/FieldOutputFunction/structure_markup(_function).rs. Faithfully promoting to structs per shape_rules requires rewriting all of those call sites (>=7 files, several hundred lines of production+test code) from dyn-trait-object ergonomics to concrete generics -- a multi-file shape migration, not a bounded single-class port. DataTypeMapper(#5)'s own registerStructure/registerStructures additionally need a Class<T>-keyed reflective registry replacement (TypeId-based type erasure) which is a cross-cutting architecture decision for the whole golang structmapping package. Parking all 4 as one cluster for dedicated follow-up.)	Ghidra/Features/Base/src/main/java/ghidra/app/util/bin/format/golang/structmapping/FieldContext.java
2026-09-21T22:17	missing-prerequisite (shape rule says struct for FieldContext/StructureContext -- Java record/concrete-class -- but format/seam_stubs.rs already carries pub trait FieldContext<T>/StructureContext<T>/StructureMappingInfo<T>/MarkupSession placeholders in WIDE production use: GoFuncData/GoFunctabEntry/GoItab store Box<dyn StructureContext<Self>> as a struct field, each with its own MockStructureContext/MockStructureMappingInfo test impls, plus GoRttiMapper/FieldMarkupFunction/FieldOutputFunction/structure_markup(_function).rs. Faithfully promoting to structs per shape_rules requires rewriting all of those call sites (>=7 files, several hundred lines of production+test code) from dyn-trait-object ergonomics to concrete generics -- a multi-file shape migration, not a bounded single-class port. DataTypeMapper(#5)'s own registerStructure/registerStructures additionally need a Class<T>-keyed reflective registry replacement (TypeId-based type erasure) which is a cross-cutting architecture decision for the whole golang structmapping package. Parking all 4 as one cluster for dedicated follow-up.)	Ghidra/Features/Base/src/main/java/ghidra/app/util/bin/format/golang/structmapping/StructureContext.java
2026-09-21T22:17	missing-prerequisite (shape rule says struct for FieldContext/StructureContext -- Java record/concrete-class -- but format/seam_stubs.rs already carries pub trait FieldContext<T>/StructureContext<T>/StructureMappingInfo<T>/MarkupSession placeholders in WIDE production use: GoFuncData/GoFunctabEntry/GoItab store Box<dyn StructureContext<Self>> as a struct field, each with its own MockStructureContext/MockStructureMappingInfo test impls, plus GoRttiMapper/FieldMarkupFunction/FieldOutputFunction/structure_markup(_function).rs. Faithfully promoting to structs per shape_rules requires rewriting all of those call sites (>=7 files, several hundred lines of production+test code) from dyn-trait-object ergonomics to concrete generics -- a multi-file shape migration, not a bounded single-class port. DataTypeMapper(#5)'s own registerStructure/registerStructures additionally need a Class<T>-keyed reflective registry replacement (TypeId-based type erasure) which is a cross-cutting architecture decision for the whole golang structmapping package. Parking all 4 as one cluster for dedicated follow-up.)	Ghidra/Features/Base/src/main/java/ghidra/app/util/bin/format/golang/structmapping/DataTypeMapper.java
2026-09-21T22:17	missing-prerequisite (shape rule says struct for FieldContext/StructureContext -- Java record/concrete-class -- but format/seam_stubs.rs already carries pub trait FieldContext<T>/StructureContext<T>/StructureMappingInfo<T>/MarkupSession placeholders in WIDE production use: GoFuncData/GoFunctabEntry/GoItab store Box<dyn StructureContext<Self>> as a struct field, each with its own MockStructureContext/MockStructureMappingInfo test impls, plus GoRttiMapper/FieldMarkupFunction/FieldOutputFunction/structure_markup(_function).rs. Faithfully promoting to structs per shape_rules requires rewriting all of those call sites (>=7 files, several hundred lines of production+test code) from dyn-trait-object ergonomics to concrete generics -- a multi-file shape migration, not a bounded single-class port. DataTypeMapper(#5)'s own registerStructure/registerStructures additionally need a Class<T>-keyed reflective registry replacement (TypeId-based type erasure) which is a cross-cutting architecture decision for the whole golang structmapping package. Parking all 4 as one cluster for dedicated follow-up.)	Ghidra/Features/Base/src/main/java/ghidra/app/util/bin/format/golang/structmapping/MarkupSession.java
2026-09-22T03:05	missing-prerequisite (RTTI1DataType extends the unported abstract RTTIDataType base and directly instantiates/calls RTTI0DataType, RTTI3DataType, and MSDataTypeUtils -- none of the 4 are ported. MSDataTypeUtils alone is an 11-method Program/Memory/Address helper (getReferenceDataType, getPMDDataType, is64Bit, getReferencedAddress, getBytes, containsInstruction, containsDefinedData); RTTI0/RTTI3DataType are full sibling dynamic-datatype classes with their own isValid/getAllComponents logic RTTI1 calls into (rtti0.isValid(...), rtti3.isValid(...)). This is a 4-class prerequisite chain, not a narrow forward-reference stub -- porting RTTI1DataType faithfully now would mean either inventing all 4 dependencies' real behavior inline (wrong -- they are real, separately-scoped classes) or producing a non-functional shell. The class itself is also Java-deprecated ("Use of this dynamic data type class is no longer recommended").)	Ghidra/Features/Base/src/main/java/ghidra/app/util/datatype/microsoft/RTTI1DataType.java
2026-09-22T03:06	missing-prerequisite (ResourceDataDirectory extends the unported DataDirectory base class, which supplies the reader/ntHeader/virtualAddress/hasParsed fields this class relies on; NTHeader is also unported. Its parse()/getResources() are modest but its markup() method (the bulk of the 755-line class) pulls in a dozen+ unported Program-side dependencies: TaskMonitor, MessageLog, Options, SymbolTable, DumbMemBufferImpl, VS_VERSION_INFO/VS_VERSION_CHILD, PeUtils, and ~15 resource-specific DataTypes (BitmapResourceDataType, DialogResourceDataType, MenuResourceDataType, PngDataType, GifDataType, WAVEDataType, MIDIDataType, WEVTResourceDataType, MUIResourceDataType, IconResourceDataType, GroupIconResourceDataType, HTMLResourceDataType, PascalUnicodeDataType, TerminatedStringDataType/TerminatedUnicodeDataType). format/seam_stubs.rs already documents this as "a large unported subsystem...deliberately not modeled" for its one existing static-only seam (get_pe_resource_property, used by LibraryLookupTable); that assessment still holds for the full class.)	Ghidra/Features/Base/src/main/java/ghidra/app/util/bin/format/pe/ResourceDataDirectory.java
2026-09-22T03:07	missing-prerequisite (LoadConfigDataDirectory extends the unported DataDirectory base class -- the same shared blocker as ResourceDataDirectory, parked in this same batch -- which supplies the reader/ntHeader/virtualAddress fields this class relies on. NTHeader, LoadConfigDirectory, ControlFlowGuard, PeUtils, ImageChpeMetadataX86, ImageArm64ecMetadata, and ImageDynamicRelocationTable are ALL unported too, and markup()/parse() call directly into every one of them. A faithful port needs the DataDirectory base plus these 6 sibling classes first, not a narrow forward-reference stub.)	Ghidra/Features/Base/src/main/java/ghidra/app/util/bin/format/pe/LoadConfigDataDirectory.java
