class	ambiguous	instanceof	reflection	typepos	const_read
A3Consumer	0	0	0	0	0
A3Function	0	0	0	0	0
A4Consumer	0	0	0	0	0
A4Function	0	0	0	0	0
A5Function	0	0	0	0	0
A6Function	0	0	0	0	0
A7Function	0	0	0	0	0
A8Function	0	0	0	0	0
AccessGen	0	0	0	0	0
ActionEntry	0	0	0	18	0
Adapters	0	0	0	0	0
AddAction	1	0	0	0	0
AddCfgsAction	0	0	0	0	0
AddRegionAction	0	0	0	0	0
AddressTableStorage	0	0	0	1	0
AffectedAndValuesOnlyHandler	0	0	0	0	0
AffectedObjectHandler	0	0	0	0	0
AffectedObjectOnlyHandler	0	0	0	0	0
AnalysisProvider	0	0	0	0	0
AnsiColor	0	0	0	24	0
AnsiParserHandler	0	0	0	2	0
ApplicationLevelOnlyPlugin	0	0	1	0	0
ApplicationLevelPlugin	0	0	2	0	0
Applicator	0	0	0	0	0
ApplyDataTypeAction	0	0	0	0	0
Assembler	0	0	0	30	0
AsyncUtils	0	0	0	0	9
Attribute	1	0	0	33	2
AttributeSchema	0	0	0	24	6
AutoDisassembleAction	0	0	0	0	0
AutoGeneratedDockingAction	0	1	0	0	0
AutoOptions	0	0	0	0	0
AutoReadMemoryAction	0	0	0	0	6
AutoService	0	0	0	0	0
BNonVoid	0	0	0	16	0
BPrim	0	0	0	41	0
BType	0	0	0	25	0
BadCharFixupFunc	0	0	0	1	0
BaseType	0	0	0	0	7
BlockNestingSymbolApplier	0	0	0	0	0
BodyFunc	0	0	0	3	0
BooleanChangeAdapter	0	0	0	8	0
Bot	0	0	0	225	0
BuilderStage1	0	0	0	5	0
BuilderStage2	0	0	0	1	0
BypassWriteCache	0	0	0	4	0
ByteBufferUtils	0	0	0	0	0
CellActivationListener	0	0	1	3	0
ChangeAggregator	0	0	0	2	0
ChangeSet	0	0	0	12	0
Check	0	0	0	1	4
CheckedIOFunction	0	0	0	0	0
CheckedRunnable	1	0	0	0	0
ChooseMorePlatformsAction	0	0	0	0	0
ChoosePlatformAction	1	0	0	0	4
CkBot	0	0	0	11	0
CkEnt	0	0	0	0	0
CkNext	0	0	0	10	0
ClearCfgsAction	0	0	0	0	0
ClearRegisterType	0	0	0	0	0
CloneWindowAction	0	0	0	0	0
CloseAllAction	0	0	0	0	0
CloseAllTracesAction	0	0	0	0	0
CloseConnectionAction	0	0	0	0	0
CloseDeadTracesAction	0	0	0	0	0
CloseOnTerminateAction	0	0	0	0	0
CloseOtherTracesAction	0	0	0	0	0
CloseTraceAction	0	0	0	0	1
Closeable	0	1	0	812	0
CoalescedTx	0	0	0	1	0
CoffSymbolAux	0	0	0	9	0
ColorFunction	0	0	0	6	0
Combinable	0	1	0	0	0
CompareTimesAction	0	0	0	0	0
ComponentCallback	0	0	0	0	0
ConfigFieldCodec	0	0	0	5	0
ConfigureEmulatorAction	0	0	0	0	2
ConflictListener	0	0	0	1	0
ConnectAcceptAction	0	0	0	0	0
ConnectOutboundAction	0	0	0	0	0
Constants	0	0	0	0	38
Context	0	0	0	108	0
ControlAction	0	0	0	0	0
ControlModeChangeListener	0	0	1	8	0
Copier	0	0	0	19	0
CopyCase	0	0	0	0	0
CopyDestination	0	0	0	6	0
CopyIntoCurrentProgramAction	0	0	0	0	0
CopyIntoNewProgramAction	0	0	0	0	0
CopyIntoProgramAction	0	0	0	0	0
CopyOnWrite	0	0	0	0	0
CryptoProvider	0	0	0	10	0
DBConnectionSupplier	0	0	0	3	0
DBFieldCodec	0	0	0	4	0
DBTraceAddressSnapRangePropertyMapDataFactory	0	0	0	0	0
DataTypeArchiveChangeManager	0	0	0	0	0
DataTypeArchiveChangeSet	0	0	0	4	0
DataTypeManagerDomainObject	0	2	0	16	0
DataTypePairObserver	0	0	0	3	0
Dead	0	0	0	27	0
DebugCodeViewConstants	0	0	0	0	35
DebugInfoProviderCreator	0	0	0	2	0
DebugProgramAction	0	0	0	0	1
DebuggerAutoReadMemoryAction	0	0	0	0	0
DebuggerResources	0	0	0	0	241
DebuggerTrackLocationAction	0	0	0	0	0
DebuggerVariableViewerPopupAction	0	0	0	0	2
DecodesAddresses	0	0	0	0	0
DecompilerHoverService	0	0	12	8	0
DefaultCase	0	0	0	0	0
DeleteRegionsAction	0	0	0	0	0
DerivedStreamProducer	0	0	0	1	0
DerivedStreamPushProducer	0	0	0	1	0
DirectedLongKeyIterator	0	0	0	1	0
DirectedRecordIterator	0	0	0	1	0
DisassembleAsAction	0	0	0	0	0
DisconnectAction	0	0	0	0	0
DisconnectAllAction	0	0	0	0	0
DiscoverableAddressCorrelator	0	0	1	1	0
DiscrepancyCallback	0	0	0	1	0
Dispatcher	0	0	0	2	0
DocReader	0	0	0	3	0
DockingToolConstants	0	0	0	0	9
DomainObjectLockHold	0	0	0	2	0
DoneFunction	0	0	0	0	0
DtPiece	0	0	0	4	0
DuplicateAnchorCollection	0	0	0	9	0
DynamicReference	0	1	0	0	0
EditableDynamicTableColumn	0	2	0	0	0
ElfConstants	0	0	0	0	83
EmuBreakpointConsumer	0	0	0	1	0
EmuSyscallDefinition	0	0	0	0	0
EmulateAddThreadAction	0	0	0	0	0
EmulateInterruptAction	0	0	0	0	0
EmulatePcodeBackwardAction	0	0	0	0	0
EmulatePcodeForwardAction	0	0	0	0	0
EmulateProgramAction	0	0	0	0	1
EmulateResumeAction	0	0	0	0	0
EmulateSkipOverAction	0	0	0	0	0
EmulateSkipPcodeForwardAction	0	0	0	0	0
EmulateSkipTickForwardAction	0	0	0	0	0
EmulateStepBackAction	0	0	0	0	0
EmulateStepIntoAction	0	0	0	0	0
EmulateTickBackwardAction	0	0	0	0	0
EmulateTickForwardAction	0	0	0	0	0
EmulationResult	0	0	0	11	0
EmulatorStateListener	0	0	1	7	0
EnableEditsAction	0	0	0	0	0
EndSpan	0	0	0	0	0
Ent	0	0	0	0	0
EntryPointReference	0	0	0	0	0
Err	0	0	0	0	0
EventRecordHandler	0	0	0	1	0
ExcConsumer	0	0	0	0	0
ExcFunction	0	0	0	0	0
ExcPredicate	0	0	0	0	0
ExcSupplier	0	0	0	0	0
ExportTraceViewAction	0	0	0	0	0
ExpressionElement	0	0	0	21	0
ExtBranch	0	0	0	0	0
ExtensionPoint	0	0	1	0	0
FieldMouseHandlerExtension	0	0	0	0	0
FieldSpan	0	0	0	6	1
FileArchiveBasedDataTypeManager	0	1	0	0	0
FilterFunction	0	0	0	0	0
Fld	0	0	0	0	0
FocusListener	0	0	0	24	0
FollowLinkAction	0	0	0	0	0
FollowsCurrentThreadAction	0	0	0	0	0
ForceCloseTransactionsActions	0	0	0	0	0
ForceFullViewAction	0	0	0	0	0
FullEventRecordHandler	0	0	0	0	0
FunctionGraphContextMarker	0	0	0	0	0
FunctionIterator	0	0	0	163	0
GFileSystemFactory	0	0	0	0	0
GFileSystemProbe	0	0	0	0	0
GVertex	0	0	0	0	0
GenConsts	0	0	0	0	42
GhidraOptions	0	0	0	0	165
GnuConstants	0	0	0	0	0
GoNameSupplier	0	0	0	1	0
GoToAction	0	0	0	0	3
GoToTimeAction	0	0	0	0	0
GsonPostFixup	0	1	0	0	0
HasShape	0	2	0	0	0
HelpTopics	0	0	0	0	284
HideScratchSnapshotsAction	0	0	0	0	0
HyperPoint	0	0	0	9	0
ICopy	0	1	0	0	0
IPaste	0	1	0	0	0
IgnoreAllHandler	0	0	0	1	0
IgnoreValuesHandler	0	0	0	1	0
ImageParamSetter	0	0	1	2	0
InTable	0	0	0	0	0
InTree	0	0	0	0	0
IndBranch	0	0	0	0	0
InputBlockStreamFactory	0	0	0	1	0
InputStreamReaderFunction	0	0	0	0	0
IntBranch	0	3	0	17	0
InteriorNode	0	1	0	1	0
InterpreterInterruptAction	0	0	0	0	0
InterruptAction	0	0	0	0	0
InvalidateEmulatorCacheAction	0	0	0	0	0
Ioctls	0	0	0	8	0
IsfObject	0	0	0	56	0
IssueEntries	1	0	0	5	0
JdiCause	0	0	0	82	0
JitMemoryVar	0	2	0	0	0
KeyAction	0	0	0	1	0
KeyListener	0	0	0	35	0
KeySpan	0	0	0	57	24
LVal	0	0	0	12	0
LanguageUtilities	0	0	0	0	0
LastKeyDisplaysObjectValues	0	0	0	0	0
LaunchConfigurator	0	0	0	4	2
LayoutProviderExtensionPoint	0	0	0	0	0
LeafFactory	0	0	0	2	0
LeggedJitType	0	0	0	0	0
LesserList	0	0	0	0	0
LifeSet	0	0	0	18	0
LimitToCurrentSnapAction	0	0	0	0	0
LineConsumer	0	0	0	1	0
ListingHoverService	0	0	24	17	0
ListingMergeConstants	0	0	0	0	14
LocationTrackingSpecChangeListener	0	0	1	7	0
LogRow	0	0	0	0	0
ManagerSupplier	0	0	0	0	0
MapRegionToAction	0	0	0	0	2
MapRegionsAction	0	0	0	0	0
MapRegionsToAction	0	0	0	0	1
MemoryConstants	0	0	0	0	0
MergeConstants	0	0	0	0	202
MessageListener	0	0	0	5	0
MethodMatcher	0	0	0	8	0
ModuleMapEntry	0	0	2	23	0
MouseListener	1	5	0	75	0
MpToMpConv	0	0	0	0	0
MpToStackConv	0	0	0	0	0
MsTypeField	0	0	1	19	0
MutableLifeSet	0	0	0	6	0
MutableSpanMap	0	0	0	0	0
MutableSpanSet	0	0	0	0	0
MutableTrust	0	1	0	0	0
MutableULongSpanMap	0	0	0	0	0
MutableULongSpanSet	0	0	0	10	0
NamespaceMatcher	0	0	0	1	0
NavigationActionContext	0	0	1	0	0
NestingSymbolApplier	0	0	0	15	0
NewMemoryAction	0	0	0	0	0
Next	0	0	0	325	1
NextDifferenceAction	0	0	0	0	0
NightlyCategory	0	0	0	0	0
NodeWithText	0	4	0	5	0
NoteReaderFunc	0	0	0	0	0
ObjectInstanceCreator	0	0	0	0	0
Occlusion	0	0	0	0	0
OnlyPcodeOpEntryVisitor	0	0	0	1	0
OpResult	0	0	0	5	0
OpenTraceAction	0	0	0	0	1
OptType	0	0	0	0	0
OptionSetter	0	0	0	1	0
PBranch	0	0	0	0	0
Painter	0	0	0	3	0
ParamFunction	0	0	0	0	0
ParamSpec	0	0	0	14	0
ParseFunction	0	0	0	0	0
PatternConstraint	0	0	0	0	0
PcGen	0	0	0	6	0
PcodeLogEntry	0	0	0	5	0
PcodeProgramConstructor	0	0	0	0	0
PcodeTraceMemoryAccess	0	0	0	7	0
PcodeUseropDefinition	0	0	1	1	0
PieceHandler	0	0	0	0	1
PinInterpreterAction	0	0	0	0	0
PlaceHolderLine	0	4	0	11	0
PluginCategoryNames	0	0	0	0	211
PortSensitiveCategory	0	0	0	0	0
PrevDifferenceAction	0	0	0	0	0
PrimitiveCodec	0	0	0	0	0
ProcessorInfo	0	0	0	0	0
ProgramBasedDynamicTableColumn	0	0	0	0	0
ProgramBreakpointConsumer	0	0	0	0	0
ProgramDiffComparator	0	0	0	0	0
ProgramaticUseOnly	0	0	1	0	0
ProjectArchiveBasedDataTypeManager	0	1	0	2	0
ProjectIndexListener	0	0	1	3	0
PropertyValueSupplier	0	0	0	0	0
ProposalGenerator	0	0	0	0	0
PtyParent	0	0	0	6	0
PythonFieldExposer	0	0	0	0	0
QueryFactory	1	0	0	0	0
QueryOcclusion	0	0	0	0	0
RBranch	0	0	0	8	0
RVal	0	0	0	167	0
RangeQueryOcclusion	0	0	0	0	0
Ranger	0	0	0	0	0
ReadFromStructureFunction	0	0	0	0	0
ReaderFunc	0	0	0	0	0
ReaderFunction	0	0	0	0	0
RecordEntry	0	1	0	1	0
RegionMapEntry	0	0	2	22	0
RegionMapProposal	0	0	0	8	0
RegisterHook	0	0	0	1	0
RegisterTypeSettings	0	0	0	0	0
RemoteAsyncResult	0	0	0	1	0
RemoveAction	0	0	0	0	0
RenameSnapshotAction	0	0	0	0	0
RequestCaches	0	0	0	1	0
ResourceTypes	0	0	0	0	3
RestrictedAddressSetContext	0	3	0	0	0
ResumeAction	0	0	0	0	0
RmiMethods	0	0	0	2	0
RowEntries	0	0	0	0	0
RunConsumer	0	0	0	1	0
RunResult	0	0	0	1	0
SBranch	0	0	0	1	0
SNonVoid	0	0	0	1	0
SPrim	0	0	0	0	0
SType	0	0	0	2	0
SZGetter	0	0	0	0	0
SaveByDefaultAction	0	0	0	0	0
SaveTraceAction	0	0	0	0	0
SaveTraceAsAction	0	0	0	0	0
SaveableProvider	0	0	0	1	0
SearchCallback	0	0	0	1	0
SearchConstants	0	0	0	0	50
SectionMapEntry	0	0	2	18	0
SeekListener	0	0	2	13	0
SelectNoneAction	0	0	0	0	0
SelectRegistersAction	0	0	0	0	1
SelectRowsAction	0	0	0	0	0
SelectWatchRangeAction	0	0	0	0	0
SelectWatchReadsAction	0	0	0	0	0
ServiceSetter	0	0	0	1	0
Session	0	0	0	4	0
SetEmulatedBreakpointConditionAction	0	0	0	0	1
SetEmulatedBreakpointInjectionAction	0	0	0	0	1
SetQueryOcclusion	0	0	0	0	0
SetTaintAction	0	0	0	0	0
SetTimeRadixAction	0	0	0	0	0
Setting	0	0	0	2	0
ShowAttributesTableAction	0	0	0	0	0
ShowElementsTableAction	0	0	0	0	0
ShowHiddenAction	0	0	0	0	0
ShowMethodsInTreeAction	0	0	0	0	0
ShowObjectsTreeAction	0	0	0	0	0
ShowPrimitivesInTreeAction	0	0	0	0	0
SimpleJitType	0	1	0	0	0
SleighRecognizerConstants	0	0	0	0	2
SolverFunc	0	0	0	1	0
SolverHint	0	0	0	27	0
SourceMapEntryIterator	0	0	0	6	2
SpaceValuesHandler	0	0	0	0	0
SpanIntersectingVisitor	0	0	0	0	0
SpanMap	0	0	0	0	0
SpanSet	0	0	0	0	0
StackToMpConv	0	0	0	1	0
StackToStackConv	0	0	0	1	0
StartServerAction	0	0	0	0	0
StateEditor	0	0	0	24	0
StatusRequiresContext	0	0	0	0	0
StepIntoAction	0	0	0	0	0
StepSnapBackwardAction	0	0	0	0	0
StepSnapForwardAction	0	0	0	0	0
Stmt	0	0	0	11	0
StmtWithVal	0	0	0	7	0
StopServerAction	0	0	0	0	0
StructureInternal	0	6	0	10	0
SupplierAllowsIOException	0	0	0	0	0
SymbolServerInstanceCreator	0	0	0	2	0
TCat1	0	0	0	9	0
TCat2	0	0	0	4	0
TargetBreakpointConsumer	0	0	0	0	0
TargetInterruptAction	0	0	0	0	0
TargetKillAction	0	0	0	0	0
TargetResumeAction	0	0	0	0	0
TargetStepExtAction	0	0	0	0	0
TargetStepIntoAction	0	0	0	0	0
TargetStepOutAction	0	0	0	0	0
TargetStepOverAction	0	0	0	0	0
TemperamentalCallable	0	0	0	0	0
TemperamentalRunnable	0	0	0	0	0
TemperamentalSupplier	0	0	0	0	0
TermMode	0	0	0	8	0
TextValidator	0	0	0	13	0
ThisFunction	0	0	0	0	0
ToolConstants	0	0	0	0	292
TraceActivatable	0	0	2	0	0
TraceAggregate	0	0	3	0	0
TraceCallTreePopupAction	0	0	0	0	9
TraceChangeSet	0	0	0	0	0
TraceClassSymbol	0	0	0	2	0
TraceCodeUnitsView	0	0	0	2	0
TraceDataView	0	0	0	1	0
TraceDefinedUnitsView	0	0	0	1	0
TraceEnvironment	0	0	2	0	4
TraceEventScope	0	0	5	0	5
TraceEvents	0	0	0	0	287
TraceExecutionStateful	0	0	2	0	2
TraceFocusScope	0	0	2	0	1
TraceMemory	0	0	2	0	0
TraceMethod	0	0	2	0	0
TraceProcess	0	0	18	1	0
TraceProgramViewListener	0	0	1	5	0
TraceRegisterContainer	0	0	10	9	0
TraceRmiManagerNode	0	0	0	8	0
TraceSnapBackwardAction	0	0	0	0	0
TraceSnapForwardAction	0	0	0	0	0
TraceSymbolWithAddressNoDuplicatesView	0	0	0	0	0
TraceTogglable	0	0	3	0	9
TraceUndefinedDataView	0	0	0	1	0
TraceUserData	0	0	0	0	0
TrackLocationAction	0	0	0	0	11
TreeExpansionListener	0	0	0	2	0
TtyCondition	0	0	0	1	0
TxFactory	0	0	0	0	0
TypedDisplay	0	0	0	0	0
Types	0	0	0	2	190
ULongSpanMap	0	0	0	0	0
ULongSpanSet	0	0	0	7	0
Unfinished	0	0	1	0	10
UnionInternal	0	6	0	5	0
Unique	0	0	0	0	0
UniversalDataFormatModel	0	0	1	0	0
UnwindStackAction	0	0	0	0	0
UserData	0	0	1	0	0
UseropDecl	0	0	0	10	0
VBTable	0	0	0	0	0
VFTable	0	0	0	0	0
VTChangeManager	0	0	0	0	0
VXT	0	0	0	1	0
VXTEntry	0	0	0	0	0
ValidationMessageListener	0	0	0	7	0
Value	1	0	0	33	0
ValueProperty	0	2	1	0	0
ValueReader	0	0	0	3	1
ValueRow	1	0	0	102	0
ValueSortedMapEntryList	0	0	0	0	0
ValueSortedMapKeyList	0	0	0	0	0
ValuesOnlyHandler	0	0	0	0	0
Var	0	0	1	26	0
VariableConflictHandler	0	0	0	1	0
VariableMatcher	0	0	0	4	0
Visitor	0	0	0	2	0
VisitorResults	0	0	0	0	0
VisualGraphContextMarker	0	1	0	0	0
VisualGraphSatelliteActionContext	0	0	0	0	0
WatchAction	0	0	0	0	0
WatchTypeSettings	0	0	0	0	0
Wildcard	0	0	0	2	0
Wiring	1	0	0	13	0
WriteChecker	0	0	0	2	0
WriteIntX	0	0	0	0	0
WriteLongX	0	0	0	0	0
Writer	0	0	0	259	0
Z3ArrBoolOp	0	0	0	1	0
Z3BinBitVecOp	0	0	0	2	0
Z3BinBoolOp	0	0	0	1	0
Z3CmpOp	0	0	0	2	0
Z3UnBoolOp	0	0	0	1	0
