status	priority	score	fanin	class	module	path	signals
TODO	4289.6	386.8	1009	Listing	program	src/program/model/listing/listing.rs	dyn=192,getset_pairs=2
TODO	2848.7	198.1	1338	Function	program	src/program/model/listing/function.rs	dyn=93,getset_pairs=12
TODO	2513.6	160.0	1471	DataTypeManager	program	src/program/model/data/data_type_manager.rs	dyn=78,getset_pairs=4
TODO	1981.0	94.2	2003	DataType	program	src/program/model/data/data_type.rs	dyn=44,getset_pairs=6
TODO	1631.4	125.2	1203	ProgramBasedDataTypeManager	program	src/program/model/data/program_based_data_type_manager.rs	dyn=60,getset_pairs=5
TODO	1401.3	106.0	1222	Category	program	src/program/model/data/category.rs	dyn=52,clone/100L=1.0,getset_pairs=1
TODO	987.2	80.0	1134	Data	program	src/program/model/listing/data.rs	dyn=39,getset_pairs=2
TODO	965.7	74.0	1205	DataTypeManagerChangeListener	program	src/program/model/data/data_type_manager_change_listener.rs	dyn=37
TODO	842.4	60.3	1297	Structure	program	src/program/model/data/structure.rs	dyn=30
TODO	790.1	60.5	1206	ArrayStringable	program	src/program/model/data/array_stringable.rs	dyn=30
TODO	780.1	71.5	991	ProgramContext	program	src/program/model/listing/program_context.rs	dyn=34,getset_pairs=3
TODO	726.3	54.2	1240	Composite	program	src/program/model/data/composite.rs	dyn=26,getset_pairs=2
TODO	722.2	55.6	1199	IntegerDataTypeTest	program	src/program/model/data/integer_data_type_test.rs	dyn=20,unwrap/100L=15.6
TODO	654.5	50.0	1209	DynamicDataType	program	src/program/model/data/dynamic_data_type.rs	dyn=25
TODO	648.8	49.6	1208	ParameterDefinition	program	src/program/model/data/parameter_definition.rs	dyn=23,getset_pairs=3
TODO	629.9	58.0	986	ProgramModule	program	src/program/model/listing/program_module.rs	dyn=28,getset_pairs=2
TODO	626.9	54.0	1061	CodeUnit	program	src/program/model/listing/code_unit.rs	dyn=24,getset_pairs=4,unwrap/100L=1.5
TODO	570.5	51.4	1010	Variable	program	src/program/model/listing/variable.rs	dyn=24,getset_pairs=3
TODO	559.2	48.5	1053	Instruction	program	src/program/model/listing/instruction.rs	dyn=21,getset_pairs=6
TODO	453.9	34.0	1235	Array	program	src/program/model/data/array.rs	dyn=17
TODO	429.7	33.0	1202	AnnotationHandler	program	src/program/model/data/annotation_handler.rs	dyn=16,getset_pairs=1
TODO	395.7	30.0	1219	FunctionDefinition	program	src/program/model/data/function_definition.rs	dyn=13,getset_pairs=4
TODO	366.0	28.0	1207	CompositeInternal	program	src/program/model/data/composite_internal.rs	dyn=14
TODO	362.4	77.1	370	DomainFile	framework	src/framework/model/domain_file.rs	dyn=38,getset_pairs=1
TODO	356.4	33.0	980	Parameter	program	src/program/model/listing/parameter.rs	dyn=15,getset_pairs=3
TODO	339.3	30.0	1031	BinaryReader	app	src/app/util/bin/binary_reader.rs	dyn=10,rc_refcell=3,getset_pairs=1
TODO	334.2	24.5	1264	DataTypeComponent	program	src/program/model/data/data_type_component.rs	dyn=11,getset_pairs=2
TODO	313.2	24.0	1205	DataTypeWithCharset	program	src/program/model/data/data_type_with_charset.rs	dyn=12
TODO	270.2	20.0	1251	Pointer	program	src/program/model/data/pointer.rs	dyn=10
TODO	265.4	24.6	979	Library	program	src/program/model/listing/library.rs	dyn=11,clone/100L=1.6,getset_pairs=1
TODO	247.6	18.7	1224	Union	program	src/program/model/data/union.rs	dyn=9
TODO	230.6	230.6	0	SetReturnDataTypeCmd	app	src/app/cmd/function/set_return_data_type_cmd.rs	dyn=109,getset_pairs=12
TODO	207.9	15.6	1233	Enum	program	src/program/model/data/enum_.rs	dyn=7,clone/100L=1.6
TODO	198.4	198.4	0	SetFunctionNameCmd	app	src/app/cmd/function/set_function_name_cmd.rs	dyn=94,getset_pairs=10
TODO	187.6	14.0	1240	Dynamic	program	src/program/model/data/dynamic.rs	dyn=7
TODO	184.0	14.0	1214	FactoryDataType	program	src/program/model/data/factory_data_type.rs	dyn=7
TODO	181.4	126.0	44	InstructionPrototype	program	src/program/model/lang/instruction_prototype.rs	dyn=63
TODO	168.5	12.3	1270	DataOrganization	program	src/program/model/data/data_organization.rs	dyn=6
TODO	149.0	11.4	1207	InternalDataTypeComponent	program	src/program/model/data/internal_data_type_component.rs	dyn=5,clone/100L=1.4
TODO	146.4	146.4	0	FunctionEdge		src/graph/function_edge.rs	dyn=66,getset_pairs=14
TODO	139.1	29.6	370	Namespace	program	src/program/model/symbol/namespace.rs	dyn=14,getset_pairs=1
TODO	137.6	41.2	234	DomainObject	framework	src/framework/model/domain_object.rs	dyn=20,getset_pairs=1
TODO	135.7	12.6	977	Bookmark	program	src/program/model/listing/bookmark.rs	dyn=6
TODO	132.8	132.8	0	FunctionSearchAddressIterator	app	src/app/plugin/core/searchtext/iterators/function_search_address_iterator.rs	dyn=60,getset_pairs=12
TODO	131.2	10.0	1212	BuiltInDataType	program	src/program/model/data/built_in_data_type.rs	dyn=5
TODO	130.0	10.0	1200	UnionInternal	program	src/program/model/data/union_internal.rs	dyn=5
TODO	125.1	125.1	0	FunctionEdgeCache		src/graph/function_edge_cache.rs	dyn=55,clone/100L=1.1,getset_pairs=14
TODO	123.4	17.5	605	EquateTable	program	src/program/model/symbol/equate_table.rs	dyn=8
TODO	122.5	4.0	2963	Program	program	src/program/model/listing/program.rs	dyn=2
TODO	112.3	112.3	0	ExtModule	sarif	src/sarif/export/trees/ext_module.rs	dyn=55,getset_pairs=2
TODO	112.2	112.2	0	Mod	util	src/util/exception/mod.rs	dyn=56
TODO	105.4	8.1	1201	DomainFileBasedDataTypeManager	program	src/program/model/data/domain_file_based_data_type_manager.rs	dyn=3,clone/100L=2.1
TODO	103.7	17.6	489	Settings	docking	src/docking/settings/settings.rs	dyn=7,getset_pairs=3
TODO	96.3	7.4	1201	DataTypeTransferable	program	src/program/model/data/data_type_transferable.rs	dyn=3,clone/100L=1.4
TODO	93.8	93.8	0	Msg		src/util/msg.rs	dyn=42,arc_mutex=1,lazy_static_mut=2
TODO	93.7	13.5	594	SymbolIterator	program	src/program/model/symbol/symbol_iterator.rs	dyn=6,clone/100L=1.5
TODO	93.3	93.3	0	ErrorLogger		src/util/error_logger.rs	dyn=45,arc_mutex=1
TODO	92.0	92.0	0	DataTypeConflictHandler	program	src/program/model/data/data_type_conflict_handler.rs	dyn=46
TODO	91.7	91.7	0	Icategory	program	src/program/model/data/icategory.rs	dyn=45,getset_pairs=1
TODO	86.6	86.6	0	SetFallThroughCmd	app	src/app/cmd/refs/set_fall_through_cmd.rs	dyn=40,clone/100L=1.6,getset_pairs=5
TODO	85.6	85.6	0	ClearFallThroughCmd	app	src/app/cmd/refs/clear_fall_through_cmd.rs	dyn=40,getset_pairs=5
TODO	85.3	85.3	0	SetFunctionVarArgsCommand	app	src/app/cmd/function/set_function_var_args_command.rs	dyn=39,getset_pairs=7
TODO	84.0	84.0	0	SetFunctionRepeatableCommentCmd	app	src/app/cmd/function/set_function_repeatable_comment_cmd.rs	dyn=38,getset_pairs=7
TODO	82.4	41.4	99	SettingsDefinition	docking	src/docking/settings/settings_definition.rs	dyn=20,clone/100L=1.4
TODO	81.2	81.2	0	VariableFilter	program	src/program/model/listing/variable_filter.rs	dyn=39,getset_pairs=3
TODO	79.6	79.6	0	DataAdapterFromSettings	trace	src/trace/util/data_adapter_from_settings.rs	dyn=37,getset_pairs=5
TODO	79.2	6.1	1199	ProjectArchiveBasedDataTypeManager	program	src/program/model/data/project_archive_based_data_type_manager.rs	dyn=2,clone/100L=2.1
TODO	78.2	6.0	1203	Playable	program	src/program/model/data/playable.rs	dyn=3
TODO	78.1	6.0	1202	InvalidatedListener	program	src/program/model/data/invalidated_listener.rs	dyn=3
TODO	73.6	73.6	0	DisplayableVariableOffset	feature	src/feature/vt/gui/provider/markuptable/displayable_variable_offset.rs	dyn=32,getset_pairs=9
TODO	72.1	51.1	41	PropertyMap	program	src/program/model/util/property_map.rs	dyn=25,clone/100L=1.1
TODO	72.0	72.0	0	DataIterator	program	src/program/model/listing/data_iterator.rs	dyn=35,getset_pairs=2
TODO	71.6	71.6	0	FunctionRowObject	app	src/app/plugin/core/function_window/function_row_object.rs	dyn=31,getset_pairs=9
TODO	69.9	69.9	0	AddressSet	program	src/program/model/address/address_set.rs	dyn=32,clone/100L=5.4
TODO	69.9	38.4	82	ProgramFragment	program	src/program/model/listing/program_fragment.rs	dyn=18,getset_pairs=2
TODO	67.1	67.1	0	DataAdapterMinimal	trace	src/trace/util/data_adapter_minimal.rs	dyn=31,clone/100L=1.1,getset_pairs=4
TODO	66.0	66.0	0	ParserContext	program	src/program/model/lang/parser_context.rs	dyn=33
TODO	65.4	65.4	0	StackFrame	program	src/program/model/listing/stack_frame.rs	dyn=30,getset_pairs=5
TODO	65.3	65.3	0	InstLocation	feature	src/feature/lisa/pcode/locations/inst_location.rs	dyn=27,clone/100L=4.3,getset_pairs=7
TODO	64.0	64.0	0	DefaultColumnComparator	docking	src/docking/widgets/table/sort/default_column_comparator.rs	dyn=32
TODO	64.0	64.0	0	AbstractAnimator	graph	src/graph/job/abstract_animator.rs	dyn=11,rc_refcell=14
TODO	63.7	4.9	1200	FileArchiveBasedDataTypeManager	program	src/program/model/data/file_archive_based_data_type_manager.rs	dyn=1,clone/100L=2.9
TODO	62.0	62.0	0	CombinedTableFilter	docking	src/docking/widgets/table/combined_table_filter.rs	dyn=31
TODO	57.2	57.2	0	DependentServiceResolverTest	generic	src/generic/depends/dependent_service_resolver_test.rs	dyn=27,clone/100L=3.2
TODO	57.2	4.4	1201	FileBasedDataTypeManager	program	src/program/model/data/file_based_data_type_manager.rs	dyn=1,clone/100L=2.4
TODO	57.2	57.2	0	ObjectPropertyMap	program	src/program/util/object_property_map.rs	dyn=28,clone/100L=1.2
TODO	56.5	56.5	0	HashFamily	feature	src/feature/fid/service/hash_family.rs	dyn=27,clone/100L=2.5
TODO	52.8	52.8	0	ServiceProviderDecorator	framework	src/framework/plugintool/service_provider_decorator.rs	dyn=26
TODO	52.7	52.7	0	AbstractCreateStructureCmd	app	src/app/cmd/data/abstract_create_structure_cmd.rs	dyn=26
TODO	52.2	4.0	1204	DataTypeManagerDomainObject	program	src/program/model/data/data_type_manager_domain_object.rs	dyn=2
TODO	52.0	52.0	0	PropertyMapManager	program	src/program/model/util/property_map_manager.rs	dyn=26
TODO	50.0	50.0	0	WrappingFunctionIterator	trace	src/trace/util/wrapping_function_iterator.rs	dyn=24,getset_pairs=2
TODO	49.9	49.9	0	SettingsPropertyMap	program	src/program/model/util/settings_property_map.rs	dyn=24,clone/100L=1.9
TODO	49.0	49.0	0	Mod	util	src/util/function/mod.rs	dyn=14,arc_mutex=7
TODO	47.3	47.3	0	PrivatelyQueuedListener	util	src/util/datastruct/privately_queued_listener.rs	dyn=7,arc_mutex=10,unwrap/100L=2.9
TODO	47.2	20.0	136	ExternalLocation	program	src/program/model/symbol/external_location.rs	dyn=9,getset_pairs=2
TODO	46.9	46.9	0	VoidPropertyMap	program	src/program/util/void_property_map.rs	dyn=23
TODO	46.6	3.5	1231	SourceArchive	program	src/program/model/data/source_archive.rs	dyn=1,clone/100L=1.5
TODO	46.6	19.5	139	Group	program	src/program/model/listing/group.rs	dyn=8,clone/100L=1.5,getset_pairs=2
TODO	46.5	46.5	0	AddressSpaceSettingsDefinition	program	src/program/model/data/address_space_settings_definition.rs	dyn=22,getset_pairs=2
TODO	45.5	18.2	150	AddressMap	program	src/program/database/map/address_map.rs	dyn=8,clone/100L=2.2
TODO	44.0	44.0	0	ReferenceListener	program	src/program/model/symbol/reference_listener.rs	dyn=22
TODO	44.0	44.0	0	WrappingDataIterator	trace	src/trace/util/wrapping_data_iterator.rs	dyn=22
TODO	43.1	43.1	0	BulkPatternSearcher	util	src/util/bytesearch/bulk_pattern_searcher.rs	dyn=16,rc_refcell=2,clone/100L=2.1,getset_pairs=3
TODO	42.8	42.8	0	MemoryMapDb	program	src/program/database/mem/memory_map_db.rs	dyn=3,arc_mutex=10,clone/100L=2.6,getset_pairs=1,unwrap/100L=3.2
TODO	42.2	42.2	0	DependentServiceResolver	generic	src/generic/depends/dependent_service_resolver.rs	dyn=21
TODO	40.7	40.7	0	AllBytesHashCalculator	program	src/program/model/correlate/all_bytes_hash_calculator.rs	dyn=17,getset_pairs=6
TODO	40.2	40.2	0	MnemonicHashCalculator	program	src/program/model/correlate/mnemonic_hash_calculator.rs	dyn=17,getset_pairs=6
TODO	40.0	40.0	0	DiffLines	app	src/app/util/html/diff_lines.rs	dyn=20
TODO	38.7	38.7	0	SetVariableCommentCmd	app	src/app/cmd/function/set_variable_comment_cmd.rs	dyn=17,clone/100L=1.7,getset_pairs=3
TODO	38.0	38.0	0	DataTypeManagerChangeListenerAdapter	program	src/program/model/data/data_type_manager_change_listener_adapter.rs	dyn=19
TODO	38.0	38.0	0	Rgb16EncodingSettingsDefinition	program	src/program/model/data/rgb16_encoding_settings_definition.rs	dyn=17,getset_pairs=4
TODO	38.0	38.0	0	Rgb32EncodingSettingsDefinition	program	src/program/model/data/rgb32_encoding_settings_definition.rs	dyn=17,getset_pairs=4
TODO	38.0	38.0	0	ErrorDisplay		src/util/error_display.rs	dyn=19
TODO	37.3	37.3	0	Match	app	src/app/plugin/match/match.rs	dyn=17,getset_pairs=2
TODO	37.0	37.0	0	FunctionHasher	app	src/app/plugin/match/function_hasher.rs	dyn=17,getset_pairs=3
TODO	36.8	36.8	0	ReferenceIterator	program	src/program/model/symbol/reference_iterator.rs	dyn=18
TODO	36.6	36.6	0	ExternalLocationIterator	program	src/program/model/symbol/external_location_iterator.rs	dyn=18
TODO	36.6	36.6	0	ExtFragment	sarif	src/sarif/export/trees/ext_fragment.rs	dyn=17,getset_pairs=2
TODO	36.0	36.0	0	ModifiableAddressSetCollection	app	src/app/plugin/core/marker/modifiable_address_set_collection.rs	dyn=18
TODO	35.7	35.7	0	HeadlessErrorLogger	app	src/app/util/headless/headless_error_logger.rs	dyn=17,unwrap/100L=1.7
TODO	35.2	35.2	0	FidHasherFactory	feature	src/feature/fid/service/fid_hasher_factory.rs	dyn=17,clone/100L=1.2
TODO	35.0	35.0	0	MatchedData	app	src/app/plugin/match/matched_data.rs	dyn=16,clone/100L=3.0
TODO	35.0	35.0	0	FormatSettingsDefinition	docking	src/docking/settings/format_settings_definition.rs	dyn=16,getset_pairs=3
TODO	34.0	34.0	0	AssemblyResolution	app	src/app/plugin/assembler/sleigh/sem/assembly_resolution.rs	dyn=17
TODO	34.0	34.0	0	IntegerSignednessFormattingModeSettingsDefinition	docking	src/docking/settings/integer_signedness_formatting_mode_settings_definition.rs	dyn=15,getset_pairs=4
TODO	34.0	34.0	0	EndianSettingsDefinition	program	src/program/model/data/endian_settings_definition.rs	dyn=16,getset_pairs=2
TODO	34.0	34.0	0	DummyListingAddressCorrelation	program	src/program/util/dummy_listing_address_correlation.rs	dyn=17
TODO	34.0	34.0	0	WrappingInstructionIterator	trace	src/trace/util/wrapping_instruction_iterator.rs	dyn=17
TODO	33.7	33.7	0	SymbolManager	program	src/program/database/symbol/symbol_manager.rs	dyn=4,arc_mutex=6,clone/100L=1.8,unwrap/100L=6.0
TODO	33.6	33.6	0	TaskMonitorSplitter	util	src/util/task/task_monitor_splitter.rs	dyn=13,clone/100L=3.0,getset_pairs=3,unwrap/100L=1.6
TODO	33.5	33.5	0	ChainedBuffer	framework	src/framework/db/chained_buffer.rs	dyn=8,arc_mutex=4,unwrap/100L=4.8
TODO	33.4	33.4	0	ServiceListener	framework	src/framework/plugintool/util/service_listener.rs	dyn=16,clone/100L=1.4
TODO	33.3	33.3	0	CollectionUtils	util	src/util/util/collection_utils.rs	dyn=15,getset_pairs=3
TODO	33.0	33.0	0	FloatingPointPrecisionSettingsDefinition	docking	src/docking/settings/floating_point_precision_settings_definition.rs	dyn=15,getset_pairs=3
TODO	33.0	33.0	0	RenderUnicodeSettingsDefinition	program	src/program/model/data/render_unicode_settings_definition.rs	dyn=15,getset_pairs=3
TODO	32.6	32.6	0	EnumSettingsDefinition	docking	src/docking/settings/enum_settings_definition.rs	dyn=14,clone/100L=1.6,getset_pairs=3
TODO	32.6	32.6	0	MemoryBlockListener	program	src/program/model/mem/memory_block_listener.rs	dyn=16
TODO	32.5	32.5	0	JavaEnumSettingsDefinition	docking	src/docking/settings/java_enum_settings_definition.rs	dyn=14,getset_pairs=3
TODO	32.5	32.5	0	GFileImpl	filesystem	src/filesystem/gfilesystem/g_file_impl.rs	dyn=15,clone/100L=1.5,getset_pairs=1
TODO	32.2	32.2	0	ProgramSpecificAddressTranslator	app	src/app/merge/program_specific_address_translator.rs	dyn=13,clone/100L=6.2
TODO	32.1	32.1	0	ScalarRowObject	app	src/app/plugin/core/scalartable/scalar_row_object.rs	dyn=14,clone/100L=2.1,getset_pairs=2
TODO	32.0	32.0	0	DiffLinesValidator	app	src/app/util/html/diff_lines_validator.rs	dyn=16
TODO	31.7	31.7	0	ProgramDb	program	src/program/database/program_db.rs	dyn=1,arc_mutex=7,clone/100L=8.7
TODO	31.4	30.8	2	PropertySet	program	src/program/model/util/property_set.rs	dyn=13,getset_pairs=4
TODO	31.0	31.0	0	CodeUnitCountSettingsDefinition	util	src/util/table/field/code_unit_count_settings_definition.rs	dyn=14,getset_pairs=3
TODO	31.0	31.0	0	CodeUnitOffsetSettingsDefinition	util	src/util/table/field/code_unit_offset_settings_definition.rs	dyn=14,getset_pairs=3
TODO	31.0	31.0	0	MemoryOffsetSettingsDefinition	util	src/util/table/field/memory_offset_settings_definition.rs	dyn=14,getset_pairs=3
TODO	30.2	30.2	0	DomainObjectLockHold		src/util/domain_object_lock_hold.rs	dyn=10,arc_mutex=3,unwrap/100L=1.2
TODO	30.0	30.0	0	MinimalErrorLogger	feature	src/feature/bsim/query/minimal_error_logger.rs	dyn=15
TODO	30.0	30.0	0	Log4jErrorLogger		src/framework/log4j_error_logger.rs	dyn=15
TODO	30.0	30.0	0	ImmutableAddressSet	program	src/program/model/address/immutable_address_set.rs	dyn=15
TODO	30.0	30.0	0	InstructionIterator	program	src/program/model/listing/instruction_iterator.rs	dyn=15
TODO	30.0	4.2	614	Equate	program	src/program/model/symbol/equate.rs	clone/100L=4.2
TODO	30.0	30.0	0	PtyChild		src/pty/pty_child.rs	dyn=15
TODO	29.7	29.7	0	CodeUnitContainer	program	src/program/util/code_unit_container.rs	dyn=12,clone/100L=3.7,getset_pairs=2
TODO	29.3	29.3	0	AssemblySemanticException	app	src/app/plugin/assembler/assembly_semantic_exception.rs	dyn=14,clone/100L=1.3
TODO	28.9	4.2	587	EquateReference	program	src/program/model/symbol/equate_reference.rs	dyn=1,clone/100L=2.2
TODO	28.8	28.8	0	LocalVariable	program	src/program/model/listing/local_variable.rs	dyn=12,getset_pairs=4
TODO	28.1	28.1	0	StringPropertyMap	program	src/program/util/string_property_map.rs	dyn=13,clone/100L=2.1
TODO	28.0	28.0	0	InstructionPanelListener	app	src/app/plugin/core/references/instruction_panel_listener.rs	dyn=14
TODO	28.0	28.0	0	ServiceProvider	framework	src/framework/plugintool/service_provider.rs	dyn=14
TODO	28.0	28.0	0	AddressSetViewAdapter	program	src/program/model/address/address_set_view_adapter.rs	dyn=14
TODO	28.0	28.0	0	PaddingSettingsDefinition	program	src/program/model/data/padding_settings_definition.rs	dyn=13,getset_pairs=2
TODO	28.0	28.0	0	TerminatedSettingsDefinition	program	src/program/model/data/terminated_settings_definition.rs	dyn=13,getset_pairs=2
TODO	28.0	28.0	0	FunctionTagManager	program	src/program/model/listing/function_tag_manager.rs	dyn=14
TODO	28.0	28.0	0	ObjectStorageStreamAdapter		src/util/object_storage_stream_adapter.rs	dyn=14
TODO	27.5	18.7	47	FunctionSignature	program	src/program/model/listing/function_signature.rs	dyn=9
TODO	27.4	27.4	0	IntPropertyMap	program	src/program/util/int_property_map.rs	dyn=13,clone/100L=1.4
TODO	27.4	27.4	0	LongPropertyMap	program	src/program/util/long_property_map.rs	dyn=13,clone/100L=1.4
TODO	27.2	27.2	0	ConcurrentQ	generic	src/generic/concurrent/concurrent_q.rs	dyn=7,clone/100L=1.8,getset_pairs=3,unwrap/100L=8.4
TODO	27.0	27.0	0	StackVariableComparator	program	src/program/model/listing/stack_variable_comparator.rs	dyn=12,getset_pairs=3
TODO	26.7	26.7	0	StreamDecompressorCliToolWrapper	file	src/file/cliwrapper/stream_decompressor_cli_tool_wrapper.rs	dyn=13
TODO	26.0	26.0	0	ServiceInterfaceImplementationPair	framework	src/framework/plugintool/service_interface_implementation_pair.rs	dyn=13
TODO	26.0	26.0	0	DataTypeMnemonicSettingsDefinition	program	src/program/model/data/data_type_mnemonic_settings_definition.rs	dyn=12,getset_pairs=2
TODO	26.0	26.0	0	MutabilitySettingsDefinition	program	src/program/model/data/mutability_settings_definition.rs	dyn=12,getset_pairs=2
TODO	26.0	26.0	0	Pty		src/pty/pty.rs	dyn=13
TODO	25.2	25.2	0	Algorithms	generic	src/generic/stl/algorithms.rs	dyn=8,clone/100L=9.2
TODO	25.0	25.0	0	SetFunctionPurgeCommand	app	src/app/cmd/function/set_function_purge_command.rs	dyn=12,getset_pairs=1
TODO	24.9	24.9	0	ListingDisplaySearchAddressIterator	app	src/app/plugin/core/searchtext/listing_display_search_address_iterator.rs	dyn=12
TODO	24.8	24.8	0	StringSettingsDefinition	docking	src/docking/settings/string_settings_definition.rs	dyn=11,getset_pairs=2
TODO	24.5	24.5	0	MergeResolver	app	src/app/merge/merge_resolver.rs	dyn=7,arc_mutex=3,clone/100L=1.5
TODO	24.0	24.0	0	CoordinatedStructureLine	app	src/app/merge/structures/coordinated_structure_line.rs	dyn=12
TODO	24.0	24.0	0	CryptoProvider	filesystem	src/filesystem/gfilesystem/crypto/crypto_provider.rs	dyn=12
TODO	24.0	24.0	0	AddressRangeEndpointSettingsDefinition	util	src/util/table/field/address_range_endpoint_settings_definition.rs	dyn=11,getset_pairs=2
TODO	24.0	24.0	0	ByteCountSettingsDefinition	util	src/util/table/field/byte_count_settings_definition.rs	dyn=11,getset_pairs=2
TODO	23.9	23.9	0	GFileSystemIterator	filesystem	src/filesystem/gfilesystem/g_file_system_iterator.rs	dyn=11,unwrap/100L=1.9
TODO	23.6	23.6	0	AddressRangeMapDb	program	src/program/database/util/address_range_map_db.rs	arc_mutex=5,clone/100L=1.2,unwrap/100L=7.4
TODO	23.3	23.3	0	Mod	util	src/util/task/mod.rs	dyn=10,getset_pairs=3
TODO	22.8	22.8	0	StringTable	format	src/format/dwarf/string_table.rs	dyn=7,rc_refcell=2,getset_pairs=1,unwrap/100L=1.0
TODO	22.3	22.3	0	InstructionSearchAddressIterator	app	src/app/plugin/core/searchtext/iterators/instruction_search_address_iterator.rs	dyn=10,clone/100L=2.3
TODO	22.3	22.3	0	SynchronizedSpliterator	util	src/util/database/synchronized_spliterator.rs	dyn=5,arc_mutex=3,unwrap/100L=3.0
TODO	22.0	22.0	0	RenameTreeCmd	app	src/app/cmd/module/rename_tree_cmd.rs	dyn=10,clone/100L=2.0
TODO	22.0	22.0	0	ByteBlockInfo	app	src/app/plugin/core/format/byte_block_info.rs	dyn=9,getset_pairs=4
TODO	22.0	22.0	0	DecompileFunctionTask	feature	src/feature/bsim/query/decompile_function_task.rs	dyn=8,arc_mutex=2
TODO	22.0	22.0	0	Typedef	program	src/program/model/data/typedef.rs	dyn=11
TODO	22.0	22.0	0	InstructionContext	program	src/program/model/lang/instruction_context.rs	dyn=11
TODO	22.0	22.0	0	FunctionIterator	program	src/program/model/listing/function_iterator.rs	dyn=11
TODO	21.8	21.8	0	CodeUnitLcs	program	src/program/util/code_unit_lcs.rs	dyn=9,clone/100L=1.8,getset_pairs=2
TODO	21.5	21.5	0	DefaultAnnotationHandler	program	src/program/model/data/default_annotation_handler.rs	dyn=10,getset_pairs=1
TODO	21.4	21.4	0	ConPtyEndpoint	pty	src/pty/windows/con_pty_endpoint.rs	dyn=4,arc_mutex=4,clone/100L=1.4
TODO	21.1	15.9	33	ProcessorContext	program	src/program/model/lang/processor_context.rs	dyn=5,clone/100L=3.9,getset_pairs=2
TODO	21.0	21.0	0	Leb128Info	app	src/app/util/bin/leb128_info.rs	dyn=7,rc_refcell=2,getset_pairs=1
TODO	21.0	21.0	0	LongKeyNode	framework	src/framework/db/nodes/long_key_node.rs	arc_mutex=4,getset_pairs=1,unwrap/100L=7.6
TODO	21.0	21.0	0	AsyncLazyValue		src/util/async_lazy_value.rs	dyn=3,arc_mutex=3,clone/100L=1.2,unwrap/100L=4.8
TODO	20.3	20.3	0	DumpData	file	src/file/formats/dump/dump_data.rs	dyn=7,clone/100L=1.3,getset_pairs=5
TODO	20.3	20.3	0	CodeUnitIterator	program	src/program/model/listing/code_unit_iterator.rs	dyn=9,clone/100L=2.3
TODO	20.0	20.0	0	IndexedByteBlockInfo	app	src/app/plugin/core/format/indexed_byte_block_info.rs	dyn=8,getset_pairs=4
TODO	20.0	20.0	0	DataTypeDiffInput	app	src/app/util/html/data_type_diff_input.rs	dyn=10
TODO	20.0	20.0	0	InvertedTableFilter	docking	src/docking/widgets/table/inverted_table_filter.rs	dyn=10
TODO	20.0	20.0	0	ShowNamespaceSettingsDefinition	feature	src/feature/bsim/gui/search/results/show_namespace_settings_definition.rs	dyn=9,getset_pairs=2
TODO	20.0	20.0	0	FidHasher	feature	src/feature/fid/hash/fid_hasher.rs	dyn=10
TODO	20.0	20.0	0	FunctionInlineSettingsDefinition	util	src/util/table/field/function_inline_settings_definition.rs	dyn=9,getset_pairs=2
TODO	20.0	20.0	0	FunctionNoReturnSettingsDefinition	util	src/util/table/field/function_no_return_settings_definition.rs	dyn=9,getset_pairs=2
TODO	20.0	20.0	0	FunctionThunkSettingsDefinition	util	src/util/table/field/function_thunk_settings_definition.rs	dyn=9,getset_pairs=2
TODO	19.7	19.7	0	ParsingEnvironment	sleigh	src/sleigh/grammar/parsing_environment.rs	rc_refcell=6,clone/100L=1.7
TODO	19.6	19.6	0	DeleteTreeCmd	app	src/app/cmd/module/delete_tree_cmd.rs	dyn=9,clone/100L=1.6
TODO	19.6	19.6	0	BooleanSettingsDefinition	docking	src/docking/settings/boolean_settings_definition.rs	dyn=8,getset_pairs=3
TODO	19.5	19.5	0	MasterTable	framework	src/framework/db/master_table.rs	arc_mutex=4,clone/100L=7.5
TODO	19.2	19.2	0	ExportTrie	format	src/format/macho/commands/export_trie.rs	dyn=6,rc_refcell=2,getset_pairs=1
TODO	19.0	19.0	0	DisplayCoordinator	app	src/app/merge/structures/display_coordinator.rs	dyn=5,rc_refcell=3
TODO	18.8	15.0	25	ProcessorContextView	program	src/program/model/lang/processor_context_view.rs	dyn=6,clone/100L=3.0
TODO	18.8	18.8	0	Python		src/script/python.rs	arc_mutex=5,unwrap/100L=3.0
TODO	18.7	18.7	0	DbSynchronizedCollection	util	src/util/database/db_synchronized_collection.rs	dyn=2,arc_mutex=2,clone/100L=1.5,unwrap/100L=7.2
TODO	18.1	18.1	0	CancellableIterator	util	src/util/task/cancellable_iterator.rs	dyn=7,clone/100L=1.1,getset_pairs=3
TODO	18.0	18.0	0	ByteBlockRange	app	src/app/plugin/core/format/byte_block_range.rs	dyn=7,getset_pairs=4
TODO	18.0	18.0	0	FieldReadFunction	format	src/format/golang/structmapping/field_read_function.rs	dyn=9
TODO	18.0	18.0	0	ServiceProviderStub	framework	src/framework/plugintool/service_provider_stub.rs	dyn=9
TODO	18.0	18.0	0	TestDummyServiceProvider	framework	src/framework/plugintool/test_dummy_service_provider.rs	dyn=9
TODO	18.0	18.0	0	ExtendedByteSequence	util	src/util/bytesearch/extended_byte_sequence.rs	dyn=9
TODO	18.0	18.0	0	Op	util	src/util/search/trie/op.rs	dyn=9
TODO	17.7	17.7	0	Mod	program	src/program/model/lang/sleigh/symbol/mod.rs	dyn=8,clone/100L=1.7
TODO	17.6	17.6	0	Position	app	src/app/plugin/processors/generic/position.rs	dyn=7,clone/100L=3.6
TODO	17.6	17.6	0	GhidraSwinglessTimer	generic	src/generic/timer/ghidra_swingless_timer.rs	dyn=5,arc_mutex=1,getset_pairs=2,unwrap/100L=2.4
TODO	17.6	14.7	20	ProgramArchitecture	program	src/program/model/lang/program_architecture.rs	dyn=7
TODO	17.4	17.4	0	ArchiverCliToolWrapper	file	src/file/cliwrapper/archiver_cli_tool_wrapper.rs	dyn=8,clone/100L=1.4
TODO	17.3	17.3	0	NodeMgr	framework	src/framework/db/nodes/node_mgr.rs	arc_mutex=2,unwrap/100L=11.3
TODO	17.3	17.3	0	TypedefSettingsDefinition	program	src/program/model/data/typedef_settings_definition.rs	dyn=8,clone/100L=1.3
TODO	17.2	17.2	0	TextLine	app	src/app/util/html/text_line.rs	dyn=8,getset_pairs=1
TODO	17.1	17.1	0	JarEntryRootNode	generic	src/generic/jar/jar_entry_root_node.rs	dyn=8,clone/100L=1.1
TODO	17.1	17.1	0	DbSynchronizedSpliterator	util	src/util/database/db_synchronized_spliterator.rs	dyn=8,clone/100L=1.1
TODO	17.0	17.0	0	DwarfLengthValue	format	src/format/dwarf/dwarf_length_value.rs	dyn=5,rc_refcell=2,getset_pairs=1
TODO	17.0	17.0	0	ImportedNameTable	format	src/format/ne/imported_name_table.rs	dyn=5,rc_refcell=2,getset_pairs=1
TODO	17.0	17.0	0	AbstractMessageDigest	generic	src/generic/hash/abstract_message_digest.rs	dyn=7,getset_pairs=3
TODO	17.0	17.0	0	ExtExternalReference	sarif	src/sarif/export/ref/ext_external_reference.rs	dyn=8,clone/100L=1.0
TODO	16.9	16.9	0	DomainFileContext	framework	src/framework/main/datatable/domain_file_context.rs	dyn=8
TODO	16.8	16.8	0	TreeTaskMonitor	docking	src/docking/widgets/tree/tree_task_monitor.rs	dyn=6,clone/100L=1.8,getset_pairs=3
TODO	16.8	16.8	0	ModuleReferenceTable	format	src/format/ne/module_reference_table.rs	dyn=4,rc_refcell=2,clone/100L=1.8,getset_pairs=1
TODO	16.8	16.8	0	OpenedDomainFile	framework	src/framework/data/opened_domain_file.rs	dyn=8
TODO	16.6	16.6	0	DataBuffer	program	src/program/model/listing/data_buffer.rs	dyn=8
TODO	16.4	16.4	0	JarEntryNode	generic	src/generic/jar/jar_entry_node.rs	dyn=6,rc_refcell=1
TODO	16.4	16.4	0	AddressMapDb	program	src/program/database/map/address_map_db.rs	dyn=2,arc_mutex=3,unwrap/100L=3.4
TODO	16.4	16.4	0	IsfDynamicComponent	program	src/program/model/data/isf/isf_dynamic_component.rs	dyn=8
TODO	16.3	16.3	0	XCoffArchiveMemberHeader	format	src/format/xcoff/x_coff_archive_member_header.rs	dyn=4,rc_refcell=2,getset_pairs=1
TODO	16.0	16.0	0	StructDisplayModel	app	src/app/merge/structures/struct_display_model.rs	dyn=8
TODO	16.0	16.0	0	GBinaryReader	filesystem	src/filesystem/ghidra/g_binary_reader.rs	dyn=3,rc_refcell=3,getset_pairs=1
TODO	16.0	16.0	0	DependentServiceConstructor	generic	src/generic/depends/dependent_service_constructor.rs	dyn=8
TODO	16.0	16.0	0	ProgramChangeSet	program	src/program/model/listing/program_change_set.rs	dyn=8
TODO	16.0	16.0	0	Saveable		src/util/saveable.rs	dyn=8
TODO	15.8	15.8	0	DecryptedPacket	file	src/file/crypto/decrypted_packet.rs	dyn=7,clone/100L=1.8
TODO	15.7	15.7	0	DbSynchronizedIterator	util	src/util/database/db_synchronized_iterator.rs	dyn=2,arc_mutex=2,clone/100L=1.8,unwrap/100L=3.9
TODO	15.6	15.6	0	AssemblyResolvedError	app	src/app/plugin/assembler/sleigh/sem/assembly_resolved_error.rs	dyn=7,clone/100L=1.6
TODO	15.6	15.6	0	GhidraBundleActivator	app	src/app/plugin/core/osgi/ghidra_bundle_activator.rs	dyn=6,clone/100L=3.6
TODO	15.5	15.5	0	ResourceName	format	src/format/ne/resource_name.rs	dyn=4,rc_refcell=2,getset_pairs=1
TODO	15.4	15.4	0	LengthStringOrdinalSet	format	src/format/ne/length_string_ordinal_set.rs	dyn=4,rc_refcell=2,getset_pairs=1
TODO	15.4	15.4	0	LengthStringSet	format	src/format/ne/length_string_set.rs	dyn=4,rc_refcell=2,getset_pairs=1
TODO	15.4	15.4	0	RelocationImportedName	format	src/format/ne/relocation_imported_name.rs	dyn=4,rc_refcell=2,getset_pairs=1
TODO	15.4	15.4	0	RelocationImportedOrdinal	format	src/format/ne/relocation_imported_ordinal.rs	dyn=4,rc_refcell=2,getset_pairs=1
TODO	15.4	15.4	0	RelocationOsFixup	format	src/format/ne/relocation_os_fixup.rs	dyn=4,rc_refcell=2,getset_pairs=1
TODO	15.4	15.4	0	DbHandle	framework	src/framework/db/db_handle.rs	arc_mutex=4,clone/100L=3.4
TODO	15.3	15.3	0	RelocationInternalRef	format	src/format/ne/relocation_internal_ref.rs	dyn=4,rc_refcell=2,getset_pairs=1
TODO	15.0	15.0	0	MergeProgressModifier	app	src/app/merge/merge_progress_modifier.rs	arc_mutex=5
TODO	15.0	15.0	0	DebugInfoStateMachineReader	file	src/file/formats/android/dex/format/debug_info_state_machine_reader.rs	dyn=4,rc_refcell=2,getset_pairs=1
TODO	15.0	15.0	0	NonResidentNameTable	format	src/format/ne/non_resident_name_table.rs	dyn=4,rc_refcell=2,getset_pairs=1
TODO	15.0	15.0	0	ResidentNameTable	format	src/format/ne/resident_name_table.rs	dyn=4,rc_refcell=2,getset_pairs=1
TODO	15.0	15.0	0	Omf51Fixup	format	src/format/omf/omf51/omf51_fixup.rs	dyn=4,rc_refcell=2,getset_pairs=1
TODO	14.9	14.9	0	CachingPool	generic	src/generic/cache/caching_pool.rs	dyn=2,arc_mutex=1,unwrap/100L=7.9
TODO	14.7	14.7	0	AnsiParser	app	src/app/plugin/core/interpreter/ansi_parser.rs	rc_refcell=3,clone/100L=3.4,unwrap/100L=2.3
TODO	14.6	14.6	0	DirectoryVisitor	decompiler	src/decompiler/slgh_compile/directory_visitor.rs	dyn=7
TODO	14.5	14.5	0	MangledContext		src/demangler/mangled_context.rs	dyn=5,clone/100L=4.5
TODO	14.5	14.5	0	OldBookmark	program	src/program/database/bookmark/old_bookmark.rs	dyn=6,getset_pairs=2
TODO	14.5	14.5	0	BookmarkComparator	program	src/program/model/listing/bookmark_comparator.rs	dyn=7
TODO	14.5	14.5	0	AbstractPtyTest		src/pty/abstract_pty_test.rs	dyn=5,arc_mutex=1,clone/100L=1.5
TODO	14.4	14.4	0	MultiTabListener	app	src/app/plugin/core/progmgr/multi_tab_listener.rs	dyn=2,clone/100L=10.4
TODO	14.4	14.4	0	BootImageUtil	file	src/file/formats/android/bootimg/boot_image_util.rs	dyn=5,rc_refcell=1,getset_pairs=1
TODO	14.4	14.4	0	StreamUtils		src/util/stream_utils.rs	dyn=5,arc_mutex=1
TODO	14.3	14.3	0	ListenerErrorHandler	util	src/util/datastruct/listener_error_handler.rs	dyn=5,arc_mutex=1,clone/100L=1.3
TODO	14.2	14.2	0	AddressFactoryService	app	src/app/util/address_factory_service.rs	dyn=4,clone/100L=6.2
TODO	14.2	14.2	0	DecisionNode	generic	src/generic/constraint/decision_node.rs	dyn=5,rc_refcell=1,clone/100L=1.2
TODO	14.0	14.0	0	ExceptionHandlerFrameException	app	src/app/plugin/exceptionhandlers/gcc/structures/eh_frame/exception_handler_frame_exception.rs	dyn=7
TODO	14.0	14.0	0	PlaceHolderLine	app	src/app/util/html/place_holder_line.rs	dyn=7
TODO	14.0	14.0	0	TableFilter	docking	src/docking/widgets/table/table_filter.rs	dyn=7
TODO	14.0	14.0	0	FunctionExtentGenerator	feature	src/feature/fid/hash/function_extent_generator.rs	dyn=7
TODO	14.0	14.0	0	NotConnectedException	framework	src/framework/client/not_connected_exception.rs	dyn=7
TODO	14.0	14.0	0	ListingAddressCorrelation	program	src/program/util/listing_address_correlation.rs	dyn=7
TODO	14.0	14.0	0	ListenerErrorHandlerFactory	util	src/util/datastruct/listener_error_handler_factory.rs	dyn=4,arc_mutex=2
TODO	13.8	13.8	0	ListAccumulator	util	src/util/datastruct/list_accumulator.rs	arc_mutex=1,clone/100L=2.4,unwrap/100L=8.5
TODO	13.7	13.7	0	MultiIterator	generic	src/generic/util/multi_iterator.rs	dyn=6,unwrap/100L=1.7
TODO	13.6	13.6	0	MonitoredRunnable	util	src/util/task/monitored_runnable.rs	dyn=4,clone/100L=5.6
TODO	13.5	13.5	0	Wasm		src/script/wasm.rs	arc_mutex=2,clone/100L=4.4,unwrap/100L=3.0
TODO	13.5	13.5	0	MonitoredInputStream		src/util/monitored_input_stream.rs	dyn=5,getset_pairs=3
TODO	13.2	13.2	0	Resource	generic	src/generic/jar/resource.rs	dyn=6,clone/100L=1.2
TODO	13.1	13.1	0	StringTableOptions	app	src/app/plugin/core/string/string_table_options.rs	dyn=3,clone/100L=1.1,getset_pairs=6
TODO	13.1	13.1	0	IsfComponent	program	src/program/model/data/isf/isf_component.rs	dyn=6,clone/100L=1.1
TODO	13.0	13.0	0	HashCalculator	program	src/program/model/correlate/hash_calculator.rs	dyn=6,getset_pairs=1
TODO	13.0	13.0	0	LinkedByteBuffer	program	src/program/model/pcode/linked_byte_buffer.rs	dyn=6,unwrap/100L=1.0
TODO	13.0	13.0	0	PtyEndpoint		src/pty/pty_endpoint.rs	dyn=6
TODO	13.0	13.0	0	TableModelLoader	util	src/util/table/table_model_loader.rs	dyn=5,arc_mutex=1
TODO	12.7	12.7	0	LabelHistoryListener	app	src/app/plugin/core/label/label_history_listener.rs	dyn=3,clone/100L=6.7
TODO	12.6	12.6	0	ProgramDropProvider	app	src/app/util/program_drop_provider.rs	dyn=6
TODO	12.6	12.6	0	Packed	program	src/program/model/pcode/packed.rs	dyn=5,getset_pairs=1,unwrap/100L=1.2
TODO	12.5	6.0	109	BookmarkType	program	src/program/model/listing/bookmark_type.rs	dyn=3
TODO	12.5	12.5	0	LazyCollection		src/util/lazy_collection.rs	dyn=6
TODO	12.5	12.5	0	PairingIteratorMerger		src/util/pairing_iterator_merger.rs	dyn=4,unwrap/100L=4.5
TODO	12.4	12.4	0	ExtIsfDynamicComponent	sarif	src/sarif/export/data/ext_isf_dynamic_component.rs	dyn=6
TODO	12.3	12.3	0	LexerMultiplexer	sleigh	src/sleigh/grammar/lexer_multiplexer.rs	dyn=5,unwrap/100L=1.9
TODO	12.3	12.3	0	SetAccumulator	util	src/util/datastruct/set_accumulator.rs	arc_mutex=1,unwrap/100L=8.5
TODO	12.0	12.0	0	EmulatorLoadData	app	src/app/emulator/memory/emulator_load_data.rs	dyn=6
TODO	12.0	12.0	0	ExpressionValue	app	src/app/plugin/processors/generic/expression_value.rs	dyn=6
TODO	12.0	12.0	0	BlockModelServiceListener	app	src/app/services/block_model_service_listener.rs	rc_refcell=4
TODO	12.0	12.0	0	GoToServiceListener	app	src/app/services/go_to_service_listener.rs	rc_refcell=4
TODO	12.0	12.0	0	Mod	app	src/app/util/html/mod.rs	dyn=6
TODO	12.0	12.0	0	InvertedTextFilter	docking	src/docking/widgets/filter/inverted_text_filter.rs	dyn=6
TODO	12.0	12.0	0	IndexedScrollable	docking	src/docking/widgets/indexedscrollpane/indexed_scrollable.rs	dyn=6
TODO	12.0	12.0	0	ElfException	format	src/format/elf/elf_exception.rs	dyn=6
TODO	12.0	12.0	0	PefException	format	src/format/pef/pef_exception.rs	dyn=6
TODO	12.0	12.0	0	UbiException	format	src/format/ubi/ubi_exception.rs	dyn=6
TODO	12.0	12.0	0	UserData	framework	src/framework/model/user_data.rs	dyn=6
TODO	12.0	12.0	0	DataTypeProviderContext	program	src/program/model/lang/data_type_provider_context.rs	dyn=6
TODO	12.0	12.0	0	MergeSortingSpliterator		src/util/merge_sorting_spliterator.rs	dyn=6
TODO	11.9	11.9	0	RedBlackEntry	util	src/util/datastruct/red_black_entry.rs	rc_refcell=2,clone/100L=4.9,getset_pairs=1
TODO	11.7	11.7	0	ClosedSequenceMiner	feature	src/feature/closedpatternmining/closed_sequence_miner.rs	dyn=4,getset_pairs=3
TODO	11.7	11.7	0	RedBlackTree	util	src/util/datastruct/red_black_tree.rs	clone/100L=9.7,unwrap/100L=2.0
TODO	11.7	11.7	0	LogPanelAppender		src/util/log_panel_appender.rs	dyn=2,clone/100L=3.8,unwrap/100L=3.8
TODO	11.5	11.5	0	StreamPumper		src/pty/stream_pumper.rs	dyn=2,arc_mutex=2,clone/100L=1.5
TODO	11.4	11.4	0	ErrorWarningReporter	decompiler	src/decompiler/slgh_compile/error_warning_reporter.rs	dyn=2,rc_refcell=2,clone/100L=1.4
TODO	11.3	11.3	0	ByteEditInfo	app	src/app/plugin/core/format/byte_edit_info.rs	clone/100L=11.3
TODO	11.3	11.3	0	AbstractIsfWriter	program	src/program/model/data/isf/abstract_isf_writer.rs	dyn=5,clone/100L=1.3
TODO	11.1	11.1	0	IsfEnum	program	src/program/model/data/isf/isf_enum.rs	dyn=4,clone/100L=3.1
TODO	11.1	11.1	0	ReferenceIteratorTestStub	program	src/program/model/symbol/reference_iterator_test_stub.rs	dyn=5,clone/100L=1.1
TODO	11.0	11.0	0	Record	framework	src/framework/db/record.rs	dyn=2,getset_pairs=7
TODO	11.0	11.0	0	MonitoredOutputStream		src/util/monitored_output_stream.rs	dyn=4,getset_pairs=3
TODO	10.9	10.9	0	SingleResourceData	format	src/format/macos/rm/single_resource_data.rs	dyn=3,rc_refcell=1,getset_pairs=1
TODO	10.9	10.9	0	Table	framework	src/framework/db/table.rs	dyn=3,arc_mutex=1,clone/100L=1.9
TODO	10.9	10.9	0	ProgressTracker	generic	src/generic/concurrent/progress_tracker.rs	unwrap/100L=10.9
TODO	10.9	10.9	0	AddressSetCollection	program	src/program/model/address/address_set_collection.rs	dyn=5
TODO	10.9	10.9	0	MultiAddressIterator	program	src/program/util/multi_address_iterator.rs	dyn=5
TODO	10.9	10.9	0	ExtLogicalLocation	sarif	src/sarif/export/ext_logical_location.rs	dyn=5
TODO	10.8	10.8	0	CFragUsage	format	src/format/macos/cfm/c_frag_usage.rs	dyn=3,rc_refcell=1,getset_pairs=1
TODO	10.8	10.8	0	Service		src/framework/service.rs	dyn=1,clone/100L=3.7,unwrap/100L=2.1,lazy_static_mut=1
TODO	10.7	10.7	0	CFragLocatorKind	format	src/format/macos/cfm/c_frag_locator_kind.rs	dyn=3,rc_refcell=1,getset_pairs=1
TODO	10.5	10.5	0	InvalidDataTypeException	program	src/program/model/data/invalid_data_type_exception.rs	dyn=5
TODO	10.5	10.5	0	MutableMemBuffer	program	src/program/model/mem/mutable_mem_buffer.rs	dyn=2,clone/100L=6.5
TODO	10.3	10.3	0	Mod	generic	src/generic/cache/mod.rs	dyn=2,arc_mutex=2
TODO	10.3	10.3	0	MemoryBank	pcode	src/pcode/memstate/memory_bank.rs	dyn=4,getset_pairs=2
TODO	10.3	10.3	0	MemoryBlockDb	program	src/program/database/mem/memory_block_db.rs	arc_mutex=2,clone/100L=1.6,getset_pairs=1,unwrap/100L=1.6
TODO	10.3	10.3	0	ExtLibraryLocation	sarif	src/sarif/export/extlib/ext_library_location.rs	dyn=5
TODO	10.0	10.0	0	Terminal	app	src/app/services/terminal.rs	dyn=4,getset_pairs=1
TODO	10.0	10.0	0	AddressTranslator	app	src/app/util/viewer/multilisting/address_translator.rs	dyn=5
TODO	10.0	10.0	0	SearchRegion	feature	src/feature/base/memsearch/bytesource/search_region.rs	dyn=5
TODO	10.0	10.0	0	VtFunctionAssociationListener	feature	src/feature/vt/gui/provider/functionassociation/vt_function_association_listener.rs	dyn=5
TODO	10.0	10.0	0	DexToJarExceptionHandler	file	src/file/formats/android/dex/dex_to_jar_exception_handler.rs	dyn=5
TODO	10.0	10.0	0	GFile	filesystem	src/filesystem/gfilesystem/g_file.rs	dyn=5
TODO	10.0	10.0	0	RefdFile	filesystem	src/filesystem/gfilesystem/refd_file.rs	dyn=5
TODO	10.0	10.0	0	CustomFormat	program	src/program/model/data/custom_format.rs	dyn=3,clone/100L=4.0
TODO	10.0	10.0	0	DataTypeDependencyException	program	src/program/model/data/data_type_dependency_exception.rs	dyn=5
TODO	10.0	10.0	0	DataTypeEncodeException	program	src/program/model/data/data_type_encode_exception.rs	dyn=5
TODO	10.0	10.0	0	AddressChangeSet	program	src/program/model/listing/address_change_set.rs	dyn=5
TODO	10.0	10.0	0	BookmarkTypeComparator	program	src/program/model/listing/bookmark_type_comparator.rs	dyn=5
TODO	10.0	10.0	0	ThunkFunction	program	src/program/model/listing/thunk_function.rs	dyn=5
TODO	10.0	10.0	0	TraceUserData	trace	src/trace/model/trace_user_data.rs	dyn=5
TODO	10.0	10.0	0	SpatialMap	util	src/util/database/spatial/spatial_map.rs	dyn=5
TODO	9.9	9.9	0	CompositeLoadImage	app	src/app/emulator/memory/composite_load_image.rs	dyn=4,unwrap/100L=1.9
TODO	9.9	9.9	0	DomainObjectService	app	src/app/util/domain_object_service.rs	dyn=4,clone/100L=1.9
TODO	9.8	9.8	0	RangeSplitter	program	src/program/model/address/range_splitter.rs	clone/100L=3.8,unwrap/100L=5.9
TODO	9.8	9.8	0	WeakValueTreeMap	util	src/util/datastruct/weak_value_tree_map.rs	clone/100L=8.3,unwrap/100L=1.4
TODO	9.6	9.6	0	HeadlessTimedTaskMonitor	app	src/app/util/headless/headless_timed_task_monitor.rs	dyn=2,getset_pairs=3,unwrap/100L=2.6
TODO	9.6	9.6	0	WeakReferenceCache	generic	src/generic/cache/weak_reference_cache.rs	clone/100L=1.6,unwrap/100L=8.0
TODO	9.6	9.6	0	CountLatch		src/util/count_latch.rs	unwrap/100L=9.6
TODO	9.5	9.5	0	IsfTypedefIntegral	program	src/program/model/data/isf/isf_typedef_integral.rs	dyn=3,clone/100L=3.5
TODO	9.5	9.5	0	IntArrayList	util	src/util/datastruct/int_array_list.rs	dyn=4,getset_pairs=1
TODO	9.4	9.4	0	DataTypeDiff	app	src/app/util/html/data_type_diff.rs	dyn=3,clone/100L=3.4
TODO	9.4	9.4	0	ThreadPool	generic	src/generic/concurrent/thread_pool.rs	clone/100L=2.2,unwrap/100L=4.1,lazy_static_mut=1
TODO	9.3	9.3	0	SetAccumulatorWrapper	util	src/util/datastruct/set_accumulator_wrapper.rs	arc_mutex=1,unwrap/100L=5.4
TODO	9.3	9.3	0	XmlException	util	src/util/xml/xml_exception.rs	dyn=4,clone/100L=1.3
TODO	9.1	9.1	0	StructureInfoLine	app	src/app/merge/structures/structure_info_line.rs	dyn=4,clone/100L=1.1
TODO	9.1	9.1	0	WeakValueHashMap	util	src/util/datastruct/weak_value_hash_map.rs	clone/100L=7.7,unwrap/100L=1.4
TODO	9.0	9.0	0	ConditionTestState	docking	src/docking/widgets/conditiontestpanel/condition_test_state.rs	dyn=4
TODO	9.0	9.0	0	ExtFunctionWriter	sarif	src/sarif/export/func/ext_function_writer.rs	dyn=4
TODO	8.9	8.9	0	ProgramModifierListener	program	src/program/database/program_modifier_listener.rs	dyn=4
TODO	8.9	8.9	0	GhidraClass	program	src/program/model/listing/ghidra_class.rs	dyn=4
TODO	8.6	6.0	43	ExternalReference	program	src/program/model/symbol/external_reference.rs	dyn=3
TODO	8.5	8.5	0	SimilarStartRowObject	feature	src/feature/machine_learning/function_finding/similar_start_row_object.rs	clone/100L=8.5
TODO	8.5	8.5	0	AddressObjectMap	program	src/program/model/address/address_object_map.rs	dyn=2,clone/100L=4.5
TODO	8.5	8.5	0	SymbolUtilities	program	src/program/model/symbol/symbol_utilities.rs	dyn=4
TODO	8.4	8.4	0	ConditionTester	docking	src/docking/widgets/conditiontestpanel/condition_tester.rs	dyn=2,clone/100L=4.4
TODO	8.4	8.4	0	IteratorStl	generic	src/generic/stl/iterator_stl.rs	dyn=4
TODO	8.4	8.4	0	MemoryBlockImpl	program	src/program/model/mem/memory_block_impl.rs	clone/100L=2.1,getset_pairs=1,unwrap/100L=5.3
TODO	8.3	8.3	0	MessageDigest	generic	src/generic/hash/message_digest.rs	dyn=4
TODO	8.3	8.3	0	Factory	program	src/program/model/address/factory.rs	clone/100L=8.3
TODO	8.2	8.2	0	AntlrUtil	sleigh	src/sleigh/grammar/antlr_util.rs	dyn=4
TODO	8.0	8.0	0	AssemblyException	app	src/app/plugin/assembler/assembly_exception.rs	dyn=4
TODO	8.0	8.0	0	SolverException	app	src/app/plugin/assembler/sleigh/expr/solver_exception.rs	dyn=4
TODO	8.0	8.0	0	AssemblyGrammarException	app	src/app/plugin/assembler/sleigh/grammars/assembly_grammar_exception.rs	dyn=4
TODO	8.0	8.0	0	ReferenceAddressPair	app	src/app/plugin/core/analysis/reference_address_pair.rs	clone/100L=8.0
TODO	8.0	8.0	0	CodeCompletion	app	src/app/plugin/core/console/code_completion.rs	dyn=4
TODO	8.0	8.0	0	SledException	app	src/app/plugin/processors/generic/sled_exception.rs	dyn=4
TODO	8.0	8.0	0	SleighException	app	src/app/plugin/processors/sleigh/sleigh_exception.rs	dyn=4
TODO	8.0	8.0	0	SleighFileException	app	src/app/plugin/processors/sleigh/sleigh_file_exception.rs	dyn=4
TODO	8.0	8.0	0	SleighFileLockException	app	src/app/plugin/processors/sleigh/sleigh_file_lock_exception.rs	dyn=4
TODO	8.0	8.0	0	LowlevelError	decompiler	src/decompiler/error/lowlevel_error.rs	dyn=4
TODO	8.0	8.0	0	TextFilter	docking	src/docking/widgets/filter/text_filter.rs	dyn=4
TODO	8.0	8.0	0	CliToolWrapper	file	src/file/cliwrapper/cli_tool_wrapper.rs	dyn=4
TODO	8.0	8.0	0	FileSystemFactoryDependencyException	filesystem	src/filesystem/gfilesystem/factory/file_system_factory_dependency_exception.rs	dyn=4
TODO	8.0	8.0	0	DwarfException	format	src/format/dwarf/dwarf_exception.rs	dyn=4
TODO	8.0	8.0	0	DwarfLineException	format	src/format/dwarf/line/dwarf_line_exception.rs	dyn=4
TODO	8.0	8.0	0	BootstrapInfoException	format	src/format/golang/bootstrap_info_exception.rs	dyn=4
TODO	8.0	8.0	0	MachException	format	src/format/macho/mach_exception.rs	dyn=4
TODO	8.0	8.0	0	Constraint	generic	src/generic/constraint/constraint.rs	dyn=4
TODO	8.0	8.0	0	RootDecisionNode	generic	src/generic/constraint/root_decision_node.rs	dyn=4
TODO	8.0	8.0	0	MessageDigestFactory	generic	src/generic/hash/message_digest_factory.rs	dyn=4
TODO	8.0	8.0	0	ResourceFile	generic	src/generic/jar/resource_file.rs	dyn=4
TODO	8.0	8.0	0	GhidraTimer	generic	src/generic/timer/ghidra_timer.rs	dyn=3,getset_pairs=2
TODO	8.0	8.0	0	GVertex		src/graph/g_vertex.rs	dyn=4
TODO	8.0	8.0	0	LowlevelError	pcode	src/pcode/error/lowlevel_error.rs	dyn=4
TODO	8.0	8.0	0	UnsupportedFloatFormatException	pcode	src/pcode/floatformat/unsupported_float_format_exception.rs	dyn=4
TODO	8.0	8.0	0	TestSaveable	program	src/program/database/properties/test_saveable.rs	dyn=4
TODO	8.0	8.0	0	Mod	program	src/program/model/lang/sleigh/expression/mod.rs	dyn=4
TODO	8.0	8.0	0	Mod	program	src/program/model/lang/sleigh/pattern/mod.rs	dyn=4
TODO	8.0	8.0	0	ByteIngest	program	src/program/model/pcode/byte_ingest.rs	dyn=4
TODO	8.0	8.0	0	Mod	program	src/program/model/symbol/mod.rs	dyn=4
TODO	8.0	8.0	0	SymbolTableListener	program	src/program/model/symbol/symbol_table_listener.rs	dyn=4
TODO	8.0	8.0	0	ExtBookmark	sarif	src/sarif/export/bkmk/ext_bookmark.rs	dyn=4
TODO	8.0	8.0	0	NoDefaultCodecException	util	src/util/database/err/no_default_codec_exception.rs	dyn=4
TODO	8.0	8.0	0	PrivateSaveable		src/util/private_saveable.rs	dyn=4
TODO	7.9	7.9	0	CompoundCmd	framework	src/framework/cmd/compound_cmd.rs	dyn=3,clone/100L=1.9
TODO	7.9	7.9	0	XmlParseException	util	src/util/xml/xml_parse_exception.rs	dyn=3,clone/100L=1.9
TODO	7.8	7.8	0	AbstractIsfObject	program	src/program/model/data/isf/abstract_isf_object.rs	dyn=3,clone/100L=1.8
TODO	7.7	7.7	0	SearchAddressIterator	app	src/app/plugin/core/searchtext/iterators/search_address_iterator.rs	clone/100L=7.7
TODO	7.7	7.7	0	AddressIteratorTestStub	program	src/program/model/address/address_iterator_test_stub.rs	clone/100L=7.7
TODO	7.6	7.6	0	VerticalPixelAddressMap	app	src/app/util/viewer/listingpanel/vertical_pixel_address_map.rs	dyn=3,clone/100L=1.6
TODO	7.6	7.6	0	DeletedMatch	feature	src/feature/vt/api/main/db/deleted_match.rs	clone/100L=7.6
TODO	7.5	7.5	0	FuncDb	app	src/app/analyzers/func_db.rs	dyn=3,getset_pairs=1
TODO	7.5	7.5	0	GhidraFileChooserDirectoryModelIf	docking	src/docking/widgets/filechooser/ghidra_file_chooser_directory_model_if.rs	clone/100L=6.5,getset_pairs=1
TODO	7.5	7.5	0	DisplayableAddress	feature	src/feature/vt/gui/editors/displayable_address.rs	dyn=3,clone/100L=1.5
TODO	7.5	7.5	0	DumpAddressObject	file	src/file/formats/dump/dump_address_object.rs	getset_pairs=7
TODO	7.4	7.4	0	AddressableRowObject	app	src/app/tablechooser/addressable_row_object.rs	clone/100L=7.4
TODO	7.4	7.4	0	RefdInputStream	filesystem	src/filesystem/gfilesystem/refd_input_stream.rs	dyn=2,rc_refcell=1
TODO	7.3	7.3	0	ByteBlockSelection	app	src/app/plugin/core/format/byte_block_selection.rs	dyn=1,clone/100L=1.3,getset_pairs=4
TODO	7.3	7.3	0	Location	feature	src/feature/fid/service/location.rs	dyn=3,clone/100L=1.3
TODO	7.2	7.2	0	AddressLabelPair	program	src/program/model/symbol/address_label_pair.rs	clone/100L=7.2
TODO	7.1	7.1	0	CommentSearchAddressIterator	app	src/app/plugin/core/searchtext/iterators/comment_search_address_iterator.rs	dyn=2,clone/100L=3.1
TODO	7.1	7.1	0	QueryDatabaseException	feature	src/feature/bsim/query/facade/query_database_exception.rs	dyn=3,clone/100L=1.1
TODO	7.1	7.1	0	DbKeyAdapter	program	src/program/util/db_key_adapter.rs	dyn=2,clone/100L=3.1
TODO	7.0	7.0	0	ViewChangeListener	app	src/app/plugin/core/programtree/view_change_listener.rs	dyn=2,rc_refcell=1
TODO	7.0	7.0	0	DataGatheringParams	feature	src/feature/bitpatterns/info/data_gathering_params.rs	getset_pairs=7
TODO	7.0	7.0	0	FrequentSequence	feature	src/feature/closedpatternmining/frequent_sequence.rs	clone/100L=7.0
TODO	7.0	7.0	0	NamespaceManager	program	src/program/database/symbol/namespace_manager.rs	arc_mutex=2,getset_pairs=1
TODO	7.0	7.0	0	OverlappingNamespaceException	program	src/program/database/symbol/overlapping_namespace_exception.rs	dyn=1,clone/100L=5.0
TODO	7.0	7.0	0	ProxyUtilitiesTest	util	src/util/util/deeper/proxy_utilities_test.rs	dyn=3,clone/100L=1.0
TODO	6.9	6.9	0	VectorStl	generic	src/generic/stl/vector_stl.rs	dyn=3
TODO	6.7	6.7	0	IsfFunctionPointer	program	src/program/model/data/isf/isf_function_pointer.rs	dyn=3
TODO	6.5	6.5	0	MergeProgramGenerator	program	src/program/database/merge_program_generator.rs	dyn=2,clone/100L=2.5
TODO	6.5	6.5	0	ExtFragmentRange	sarif	src/sarif/export/trees/ext_fragment_range.rs	clone/100L=6.5
TODO	6.5	6.5	0	AddressMatch	util	src/util/bytesearch/address_match.rs	clone/100L=6.5
TODO	6.4	6.4	0	ShutdownHookRegistry		src/framework/shutdown_hook_registry.rs	unwrap/100L=2.9,lazy_static_mut=1
TODO	6.4	6.4	0	Mod	program	src/program/model/lang/sleigh/mod.rs	dyn=2,clone/100L=2.4
TODO	6.3	6.3	0	MemoryBlockStub	program	src/program/model/mem/memory_block_stub.rs	clone/100L=5.3,getset_pairs=1
TODO	6.2	6.2	0	DbParms	framework	src/framework/db/db_parms.rs	unwrap/100L=6.2
TODO	6.2	6.2	0	Lcs	generic	src/generic/algorithms/lcs.rs	dyn=2,clone/100L=2.2
TODO	6.2	6.2	0	LazyLoadingCachingMap	program	src/program/database/data/lazy_loading_caching_map.rs	unwrap/100L=6.2
TODO	6.1	6.1	0	GhidraFileChooserPanelListener	docking	src/docking/widgets/filechooser/ghidra_file_chooser_panel_listener.rs	clone/100L=6.1
TODO	6.0	6.0	0	DataTypeManagerOwner	app	src/app/merge/data_type_manager_owner.rs	dyn=3
TODO	6.0	6.0	0	Constant	app	src/app/plugin/processors/generic/constant.rs	dyn=3
TODO	6.0	6.0	0	Label	app	src/app/plugin/processors/generic/label.rs	dyn=3
TODO	6.0	6.0	0	CoordinatedListingPanelListener	app	src/app/services/coordinated_listing_panel_listener.rs	dyn=3
TODO	6.0	6.0	0	InvalidDataException	app	src/app/util/bin/invalid_data_exception.rs	dyn=3
TODO	6.0	6.0	0	AddressSetDisplayListener	app	src/app/util/viewer/listingpanel/address_set_display_listener.rs	dyn=3
TODO	6.0	6.0	0	DemangleException		src/demangler/demangle_exception.rs	dyn=3
TODO	6.0	6.0	0	ContainsTextFilter	docking	src/docking/widgets/filter/contains_text_filter.rs	dyn=3
TODO	6.0	6.0	0	FindsPatternTextFilter	docking	src/docking/widgets/filter/finds_pattern_text_filter.rs	dyn=3
TODO	6.0	6.0	0	StartsWithTextFilter	docking	src/docking/widgets/filter/starts_with_text_filter.rs	dyn=3
TODO	6.0	6.0	0	TextFilterFactory	docking	src/docking/widgets/filter/text_filter_factory.rs	dyn=3
TODO	6.0	6.0	0	VersionTrackingApplyException	feature	src/feature/vt/api/util/version_tracking_apply_exception.rs	dyn=3
TODO	6.0	6.0	0	PngFormatException	file	src/file/formats/ios/png/png_format_exception.rs	dyn=3
TODO	6.0	6.0	0	X8664ElfRelocationType	format	src/format/elf/relocation/x86_64_elf_relocation_type.rs	dyn=3
TODO	6.0	6.0	0	WrappedDataType	format	src/format/pdb/wrapped_data_type.rs	dyn=3
TODO	6.0	6.0	0	BufferMgr	framework	src/framework/db/buffer_mgr.rs	arc_mutex=2
TODO	6.0	6.0	0	DomainObjectException	framework	src/framework/model/domain_object_exception.rs	dyn=3
TODO	6.0	6.0	0	ServiceConstructionException	generic	src/generic/depends/err/service_construction_exception.rs	dyn=3
TODO	6.0	6.0	0	JgtTidierTreeLayoutAlgorithm	graph	src/graph/visualization/jgt_tidier_tree_layout_algorithm.rs	dyn=3
TODO	6.0	6.0	0	FunctionTag	program	src/program/model/listing/function_tag.rs	dyn=3
TODO	6.0	6.0	0	MemBufferInputStream	program	src/program/model/mem/mem_buffer_input_stream.rs	dyn=3
TODO	6.0	6.0	0	MemoryBlockException	program	src/program/model/mem/memory_block_exception.rs	dyn=3
TODO	6.0	6.0	0	DecoderException	program	src/program/model/pcode/decoder_exception.rs	dyn=3
TODO	6.0	6.0	0	PcodeException	program	src/program/model/pcode/pcode_exception.rs	dyn=3
TODO	6.0	6.0	0	StringIngest	program	src/program/model/pcode/string_ingest.rs	dyn=2,unwrap/100L=2.0
TODO	6.0	6.0	0	SeamStubs		src/program/seam_stubs.rs	dyn=3
TODO	6.0	6.0	0	TraceClosedException	trace	src/trace/model/trace_closed_exception.rs	dyn=3
TODO	6.0	6.0	0	Query	util	src/util/database/spatial/query.rs	dyn=3
TODO	6.0	6.0	0	Fixup		src/util/fixup.rs	dyn=3
TODO	6.0	6.0	0	XmlElement	util	src/util/xml/xml_element.rs	dyn=2,clone/100L=1.0,getset_pairs=1
TODO	5.7	5.7	0	RegisterTree	program	src/program/model/lang/register_tree.rs	rc_refcell=1,clone/100L=2.2
TODO	5.7	5.7	0	ObjectCache	util	src/util/datastruct/object_cache.rs	clone/100L=5.7
TODO	5.6	5.6	0	ThunkReference	program	src/program/model/symbol/thunk_reference.rs	dyn=2,clone/100L=1.6
TODO	5.5	5.5	0	OverlayAddressSpace	program	src/program/model/address/overlay_address_space.rs	clone/100L=5.5
TODO	5.2	5.2	0	Range	program	src/program/model/address/range.rs	clone/100L=5.2
TODO	5.2	5.2	0	Decision	program	src/program/model/lang/sleigh/decision.rs	dyn=1,clone/100L=3.2
TODO	5.2	5.2	0	ExtCodeBlock	sarif	src/sarif/export/code/ext_code_block.rs	clone/100L=5.2
TODO	5.1	5.1	0	AbstractWeakValueNavigableMap	util	src/util/datastruct/abstract_weak_value_navigable_map.rs	clone/100L=5.1
TODO	5.1	5.1	0	TimedMsg		src/util/timed_msg.rs	unwrap/100L=2.1,lazy_static_mut=1
TODO	5.0	5.0	0	ColumnData	docking	src/docking/widgets/table/constraint/column_data.rs	dyn=2
TODO	5.0	5.0	0	MemoryInfo	file	src/file/formats/dump/apport/memory_info.rs	getset_pairs=5
TODO	5.0	5.0	0	LocalBufferFile	framework	src/framework/db/buffers/local_buffer_file.rs	getset_pairs=2,unwrap/100L=2.6
TODO	5.0	5.0	0	Decoder	program	src/program/model/pcode/decoder.rs	dyn=2,getset_pairs=1
TODO	5.0	5.0	0	ByteCache	trace	src/trace/database/program/byte_cache.rs	rc_refcell=1,clone/100L=2.0
TODO	5.0	5.0	0	AnnotationUtilities	util	src/util/util/annotation_utilities.rs	clone/100L=5.0
TODO	4.9	4.9	0	Register	program	src/program/model/lang/register.rs	rc_refcell=1,clone/100L=1.2
TODO	4.9	4.9	0	MemReferenceImpl	program	src/program/model/symbol/mem_reference_impl.rs	dyn=2
TODO	4.9	4.9	0	ReversedListIterator		src/util/reversed_list_iterator.rs	dyn=2
TODO	4.8	4.8	0	AddressMapImpl	program	src/program/model/address/address_map_impl.rs	dyn=1,clone/100L=2.3
TODO	4.8	4.8	0	AbstractWeakValueMap	util	src/util/datastruct/abstract_weak_value_map.rs	clone/100L=4.8
TODO	4.8	4.8	0	XmlElementImpl	util	src/util/xml/xml_element_impl.rs	dyn=1,getset_pairs=1,unwrap/100L=1.1
TODO	4.7	4.7	0	FileCacheNameIndex	filesystem	src/filesystem/gfilesystem/file_cache_name_index.rs	unwrap/100L=4.7
TODO	4.7	4.7	0	EolComment	format	src/format/golang/structmapping/eol_comment.rs	dyn=2
TODO	4.7	4.7	0	OldGenericNamespaceAddress	program	src/program/model/address/old_generic_namespace_address.rs	clone/100L=4.7
TODO	4.6	4.6	0	OriginalCompositeListener	app	src/app/plugin/core/compositeeditor/original_composite_listener.rs	clone/100L=4.6
TODO	4.6	4.6	0	SleighError	decompiler	src/decompiler/context/sleigh_error.rs	dyn=1,clone/100L=2.6
TODO	4.6	4.6	0	DmgInputStream	filesystem	src/filesystem/reader/dmg_input_stream.rs	dyn=2
TODO	4.6	4.6	0	PlateComment	format	src/format/golang/structmapping/plate_comment.rs	dyn=2
TODO	4.6	4.6	0	InvalidNtHeaderException	format	src/format/pe/invalid_nt_header_exception.rs	dyn=1,clone/100L=2.6
TODO	4.6	4.6	0	Mask	program	src/program/model/lang/mask.rs	dyn=2
TODO	4.6	4.6	0	XmlTracer	util	src/util/xml/xml_tracer.rs	dyn=2
TODO	4.5	4.5	0	DisplayStringProvider	docking	src/docking/widgets/table/display_string_provider.rs	dyn=1,clone/100L=2.5
TODO	4.5	4.5	0	ExtensionsEnabledState	framework	src/framework/project/tool/extensions_enabled_state.rs	clone/100L=4.5
TODO	4.5	4.5	0	VectorIterator	generic	src/generic/stl/vector_iterator.rs	dyn=2
TODO	4.5	4.5	0	ExtEntryPoint	sarif	src/sarif/export/ep/ext_entry_point.rs	clone/100L=4.5
TODO	4.4	4.4	0	ReverseVectorIterator	generic	src/generic/stl/reverse_vector_iterator.rs	dyn=2
TODO	4.3	4.3	0	Buffer	framework	src/framework/db/buffer.rs	dyn=2
TODO	4.3	4.3	0	PngResource	program	src/program/model/data/png_resource.rs	dyn=2
TODO	4.3	4.3	0	WeakStore	util	src/util/datastruct/weak_store.rs	unwrap/100L=4.3
TODO	4.2	4.2	0	StringReducingLcs	generic	src/generic/algorithms/string_reducing_lcs.rs	dyn=1,unwrap/100L=2.2
TODO	4.2	4.2	0	AsyncFence		src/util/async_fence.rs	unwrap/100L=3.7
TODO	4.1	4.1	0	RustDemanglerV0	app	src/app/plugin/core/analysis/rust/demangler/rust_demangler_v0.rs	dyn=2
TODO	4.1	4.1	0	ReducingListBasedLcs	generic	src/generic/algorithms/reducing_list_based_lcs.rs	dyn=1,clone/100L=2.1
TODO	4.1	4.1	0	ContextCommit	program	src/program/model/lang/sleigh/constructor/context_commit.rs	dyn=1,clone/100L=2.1
TODO	4.1	4.1	0	AttributedGraph	service	src/service/graph/attributed_graph.rs	clone/100L=1.7,unwrap/100L=2.5
TODO	4.0	4.0	0	MergeUtilities	app	src/app/merge/util/merge_utilities.rs	dyn=2
TODO	4.0	4.0	0	CompositeEditorModelAdapter	app	src/app/plugin/core/compositeeditor/composite_editor_model_adapter.rs	dyn=2
TODO	4.0	4.0	0	ByteBlock	app	src/app/plugin/core/format/byte_block.rs	getset_pairs=4
TODO	4.0	4.0	0	InputStreamByteProvider	app	src/app/util/bin/input_stream_byte_provider.rs	dyn=2
TODO	4.0	4.0	0	MultipleProgramsException	app	src/app/util/importer/multiple_programs_exception.rs	dyn=2
TODO	4.0	4.0	0	BadDataError	decompiler	src/decompiler/translate/bad_data_error.rs	dyn=2
TODO	4.0	4.0	0	UnimplError	decompiler	src/decompiler/translate/unimpl_error.rs	dyn=2
TODO	4.0	4.0	0	MatchesPatternTextFilter	docking	src/docking/widgets/filter/matches_pattern_text_filter.rs	dyn=2
TODO	4.0	4.0	0	DefaultViewToIndexMapper	docking	src/docking/widgets/indexedscrollpane/default_view_to_index_mapper.rs	dyn=2
TODO	4.0	4.0	0	PreMappedViewToIndexMapper	docking	src/docking/widgets/indexedscrollpane/pre_mapped_view_to_index_mapper.rs	dyn=2
TODO	4.0	4.0	0	UniformViewToIndexMapper	docking	src/docking/widgets/indexedscrollpane/uniform_view_to_index_mapper.rs	dyn=2
TODO	4.0	4.0	0	NullTableFilter	docking	src/docking/widgets/table/threaded/null_table_filter.rs	dyn=2
TODO	4.0	4.0	0	Mod	feature	src/feature/lisa/pcode/locations/mod.rs	dyn=2
TODO	4.0	4.0	0	NumberRangeSubFilterChecker	feature	src/feature/vt/gui/provider/matchtable/number_range_sub_filter_checker.rs	dyn=2
TODO	4.0	4.0	0	ErrorStatus	feature	src/feature/vt/gui/task/error_status.rs	dyn=2
TODO	4.0	4.0	0	DumpModule	file	src/file/formats/dump/dump_module.rs	getset_pairs=4
TODO	4.0	4.0	0	DomainObjectFileListener	framework	src/framework/data/domain_object_file_listener.rs	dyn=2
TODO	4.0	4.0	0	Field	framework	src/framework/db/field.rs	dyn=2
TODO	4.0	4.0	0	DomainObjectClosedListener	framework	src/framework/model/domain_object_closed_listener.rs	dyn=2
TODO	4.0	4.0	0	RuntimeIoException	framework	src/framework/model/runtime_io_exception.rs	dyn=2
TODO	4.0	4.0	0	TestingPlugin	framework	src/framework/plugintool/testing_plugin.rs	dyn=2
TODO	4.0	4.0	0	DataDirectoryException	framework	src/framework/store/local/data_directory_exception.rs	dyn=1,clone/100L=2.0
TODO	4.0	4.0	0	JarEntryFilter	generic	src/generic/jar/jar_entry_filter.rs	dyn=2
TODO	4.0	4.0	0	EmptyIteratorStl	generic	src/generic/stl/empty_iterator_stl.rs	dyn=2
TODO	4.0	4.0	0	GEdgeWeightMetric		src/graph/g_edge_weight_metric.rs	dyn=2
TODO	4.0	4.0	0	VertexFocusListener	graph	src/graph/viewer/vertex/vertex_focus_listener.rs	dyn=1,clone/100L=2.0
TODO	4.0	4.0	0	MemBufferImageInputStream	program	src/program/model/data/mem_buffer_image_input_stream.rs	dyn=2
TODO	4.0	4.0	0	RegisterChangeSet	program	src/program/model/listing/register_change_set.rs	dyn=2
TODO	4.0	4.0	0	PtyParent		src/pty/pty_parent.rs	dyn=2
TODO	4.0	4.0	0	ConPtyParent	pty	src/pty/windows/con_pty_parent.rs	dyn=2
TODO	4.0	4.0	0	AbstractExtWriter	sarif	src/sarif/export/abstract_ext_writer.rs	dyn=2
TODO	4.0	4.0	0	BailoutException	sleigh	src/sleigh/grammar/bailout_exception.rs	dyn=2
TODO	4.0	4.0	0	TokenExtractor	sleigh	src/sleigh/grammar/token_extractor.rs	unwrap/100L=4.0
TODO	4.0	4.0	0	ClassLocation	util	src/util/classfinder/class_location.rs	dyn=2
TODO	4.0	4.0	0	ObservableCollection	util	src/util/datastruct/observable_collection.rs	dyn=2
TODO	4.0	4.0	0	SuppressableCallback	util	src/util/util/suppressable_callback.rs	dyn=2
TODO	3.9	3.9	0	FailedToStartGhidraException	app	src/app/plugin/core/go/exception/failed_to_start_ghidra_exception.rs	dyn=1,clone/100L=1.9
TODO	3.9	3.9	0	StopWaitingException	app	src/app/plugin/core/go/exception/stop_waiting_exception.rs	dyn=1,clone/100L=1.9
TODO	3.9	3.9	0	UnableToGetLockException	app	src/app/plugin/core/go/exception/unable_to_get_lock_exception.rs	dyn=1,clone/100L=1.9
TODO	3.9	3.9	0	AddressSetMapping	program	src/program/model/address/address_set_mapping.rs	dyn=1,unwrap/100L=1.2
TODO	3.9	3.9	0	CopyOnWrite	trace	src/trace/util/copy_on_write.rs	clone/100L=3.9
TODO	3.8	3.8	0	BooleanEditor	docking	src/docking/options/editor/boolean_editor.rs	getset_pairs=3
TODO	3.8	3.8	0	UnsatisfiedFieldsException	generic	src/generic/depends/err/unsatisfied_fields_exception.rs	dyn=1,clone/100L=1.8
TODO	3.8	3.8	0	Json		src/generic/json.rs	getset_pairs=3
TODO	3.8	3.8	0	LockFactory	generic	src/generic/util/lock_factory.rs	lazy_static_mut=1
TODO	3.8	3.8	0	OverlappingFunctionException	program	src/program/database/function/overlapping_function_exception.rs	dyn=1,clone/100L=1.8
TODO	3.6	3.6	0	MatchSet	app	src/app/plugin/match/match_set.rs	clone/100L=3.6
TODO	3.6	3.6	0	UnsatisfiedParameterException	generic	src/generic/depends/err/unsatisfied_parameter_exception.rs	dyn=1,clone/100L=1.6
TODO	3.6	3.6	0	IsfLinuxOs	program	src/program/model/data/isf/isf_linux_os.rs	unwrap/100L=2.7
TODO	3.6	3.6	0	CharsetTableRow	util	src/util/charset/picker/charset_table_row.rs	clone/100L=3.6
TODO	3.6	3.6	0	AccumulatorSizeException	util	src/util/datastruct/accumulator_size_exception.rs	dyn=1,clone/100L=1.6
TODO	3.5	3.5	0	CancelledSqlException	feature	src/feature/bsim/query/client/cancelled_sql_exception.rs	dyn=1,clone/100L=1.5
TODO	3.5	3.5	0	NoDatabaseException	feature	src/feature/bsim/query/client/no_database_exception.rs	dyn=1,clone/100L=1.5
TODO	3.5	3.5	0	ElasticException	feature	src/feature/bsim/query/elastic/elastic_exception.rs	dyn=1,clone/100L=1.5
TODO	3.5	3.5	0	LshException	feature	src/feature/bsim/query/lsh_exception.rs	dyn=1,clone/100L=1.5
TODO	3.5	3.5	0	ServerConfig	feature	src/feature/bsim/query/server_config.rs	clone/100L=1.4,getset_pairs=2
TODO	3.5	3.5	0	DataTypeMergeException	program	src/program/database/data/merge/data_type_merge_exception.rs	dyn=1,clone/100L=1.5
TODO	3.5	3.5	0	IncompatibleLanguageException	program	src/program/model/listing/incompatible_language_exception.rs	dyn=1,clone/100L=1.5
TODO	3.4	3.4	0	DecompileException	app	src/app/decompiler/decompile_exception.rs	dyn=1,clone/100L=1.4
TODO	3.4	3.4	0	AnnotationException	app	src/app/util/viewer/field/annotation_exception.rs	dyn=1,clone/100L=1.4
TODO	3.4	3.4	0	Iterator	program	src/program/model/address/iterator.rs	dyn=1,clone/100L=1.4
TODO	3.4	3.4	0	IsfFunction	program	src/program/model/data/isf/isf_function.rs	dyn=1,clone/100L=1.4
TODO	3.4	3.4	0	Block	program	src/program/model/lang/sleigh/pattern/block.rs	dyn=1,unwrap/100L=1.4
TODO	3.3	3.3	0	CodeFragmentManager	format	src/format/macos/cfm/code_fragment_manager.rs	clone/100L=3.3
TODO	3.3	3.3	0	XmlPullParser	util	src/util/xml/xml_pull_parser.rs	dyn=1,getset_pairs=1
TODO	3.2	3.2	0	IllegalFieldAccessException	framework	src/framework/db/illegal_field_access_exception.rs	dyn=1,clone/100L=1.2
TODO	3.2	3.2	0	PluginException	framework	src/framework/plugintool/util/plugin_exception.rs	dyn=1,clone/100L=1.2
TODO	3.1	3.1	0	AssemblyError	app	src/app/plugin/assembler/assembly_error.rs	dyn=1,clone/100L=1.1
TODO	3.1	3.1	0	StartedGhidraProcessExitedException	app	src/app/plugin/core/go/exception/started_ghidra_process_exited_exception.rs	dyn=1,clone/100L=1.1
TODO	3.1	3.1	0	ReservedNameException	app	src/app/plugin/core/references/reserved_name_exception.rs	dyn=1,clone/100L=1.1
TODO	3.1	3.1	0	ByteMatcher	feature	src/feature/base/memsearch/matcher/byte_matcher.rs	dyn=1,clone/100L=1.1
TODO	3.1	3.1	0	NoPreLinkSectionException	format	src/format/macho/prelink/no_pre_link_section_exception.rs	dyn=1,clone/100L=1.1
TODO	3.1	3.1	0	RecordCategory	format	src/format/pdb2/pdbreader/record_category.rs	clone/100L=3.1
TODO	3.1	3.1	0	SorterException	graph	src/graph/algo/sorter_exception.rs	dyn=1,clone/100L=1.1
TODO	3.1	3.1	0	CategoryPath	program	src/program/model/data/category_path.rs	clone/100L=1.2,unwrap/100L=1.9
TODO	3.1	3.1	0	IllegalRenameException	program	src/program/model/data/illegal_rename_exception.rs	dyn=1,clone/100L=1.1
TODO	3.1	3.1	0	DeletedException	program	src/program/util/deleted_exception.rs	dyn=1,clone/100L=1.1
TODO	3.1	3.1	0	ExtRegisterReference	sarif	src/sarif/export/ref/ext_register_reference.rs	dyn=1,clone/100L=1.1
TODO	3.1	3.1	0	DisposedException		src/util/disposed_exception.rs	dyn=1,clone/100L=1.1
TODO	3.0	3.0	0	SelectionStorage	docking	src/docking/widgets/table/selection_storage.rs	dyn=1,getset_pairs=1
TODO	3.0	3.0	0	BusyToolException	framework	src/framework/plugintool/busy_tool_exception.rs	dyn=1
TODO	3.0	3.0	0	PluginConstructionException	framework	src/framework/plugintool/util/plugin_construction_exception.rs	dyn=1
TODO	3.0	3.0	0	ReducingLcs	generic	src/generic/algorithms/reducing_lcs.rs	dyn=1,getset_pairs=1
TODO	3.0	3.0	0	LoadImage		src/pcode/load_image.rs	clone/100L=3.0
TODO	3.0	3.0	0	DatabaseVersionException	program	src/program/database/util/database_version_exception.rs	dyn=1
TODO	3.0	3.0	0	ArmCpuState	program	src/program/emulation/arm_cpu_state.rs	getset_pairs=3
TODO	3.0	3.0	0	NestedDelaySlotException	program	src/program/model/lang/nested_delay_slot_exception.rs	dyn=1
TODO	3.0	3.0	0	RepeatableComment	program	src/program/model/listing/repeatable_comment.rs	dyn=1,getset_pairs=1
TODO	3.0	3.0	0	CodeUnitInsertionException	program	src/program/util/code_unit_insertion_exception.rs	dyn=1
TODO	3.0	3.0	0	SleighToken	sleigh	src/sleigh/grammar/sleigh_token.rs	dyn=1
TODO	3.0	3.0	0	KeyPath	trace	src/trace/model/target/path/key_path.rs	dyn=1
TODO	3.0	3.0	0	ByteTrieNode	util	src/util/search/trie/byte_trie_node.rs	rc_refcell=1
