status	kind	fanin	rem	module	path
DONE	interface	3130	5	program	Ghidra/Framework/SoftwareModeling/src/main/java/ghidra/program/model/address/Address.java
DONE	interface	2963	490	program	Ghidra/Framework/SoftwareModeling/src/main/java/ghidra/program/model/listing/Program.java
DONE	interface	2259	1	util	Ghidra/Framework/Utility/src/main/java/ghidra/util/task/TaskMonitor.java
DONE	interface	2003	22	program	Ghidra/Framework/SoftwareModeling/src/main/java/ghidra/program/model/data/DataType.java
DONE	interface	1471	113	program	Ghidra/Framework/SoftwareModeling/src/main/java/ghidra/program/model/data/DataTypeManager.java
DONE	interface	1338	58	program	Ghidra/Framework/SoftwareModeling/src/main/java/ghidra/program/model/listing/Function.java
DONE	interface	1328	6	program	Ghidra/Framework/SoftwareModeling/src/main/java/ghidra/program/model/address/AddressSetView.java
DONE	interface	1315	6	program	Ghidra/Framework/SoftwareModeling/src/main/java/ghidra/program/model/address/AddressSpace.java
DONE	interface	1297	9	program	Ghidra/Framework/SoftwareModeling/src/main/java/ghidra/program/model/data/Structure.java
DONE	interface	1270	2	program	Ghidra/Framework/SoftwareModeling/src/main/java/ghidra/program/model/data/DataOrganization.java
DONE	interface	1264	5	program	Ghidra/Framework/SoftwareModeling/src/main/java/ghidra/program/model/data/DataTypeComponent.java
DONE	interface	1251	3	program	Ghidra/Framework/SoftwareModeling/src/main/java/ghidra/program/model/data/Pointer.java
DONE	interface	1241	6	program	Ghidra/Framework/SoftwareModeling/src/main/java/ghidra/program/model/data/TypeDef.java
DONE	interface	1240	8	program	Ghidra/Framework/SoftwareModeling/src/main/java/ghidra/program/model/data/Composite.java
DONE	interface	1240	7	program	Ghidra/Framework/SoftwareModeling/src/main/java/ghidra/program/model/data/Dynamic.java
DONE	interface	1235	7	program	Ghidra/Framework/SoftwareModeling/src/main/java/ghidra/program/model/data/Array.java
DONE	interface	1233	3	program	Ghidra/Framework/SoftwareModeling/src/main/java/ghidra/program/model/data/Enum.java
DONE	interface	1231	1	program	Ghidra/Framework/SoftwareModeling/src/main/java/ghidra/program/model/data/SourceArchive.java
DONE	interface	1224	6	program	Ghidra/Framework/SoftwareModeling/src/main/java/ghidra/program/model/data/Union.java
DONE	interface	1222	5	program	Ghidra/Framework/SoftwareModeling/src/main/java/ghidra/program/model/data/Category.java
DONE	interface	1221	4	program	Ghidra/Framework/SoftwareModeling/src/main/java/ghidra/program/model/data/TypeDefSettingsDefinition.java
DONE	interface	1219	7	program	Ghidra/Framework/SoftwareModeling/src/main/java/ghidra/program/model/data/FunctionDefinition.java
DONE	interface	1214	5	program	Ghidra/Framework/SoftwareModeling/src/main/java/ghidra/program/model/data/FactoryDataType.java
DONE	interface	1212	6	program	Ghidra/Framework/SoftwareModeling/src/main/java/ghidra/program/model/data/BuiltInDataType.java
DONE	interface	1209	13	program	Ghidra/Framework/SoftwareModeling/src/main/java/ghidra/program/model/data/DynamicDataType.java
DONE	interface	1208	3	program	Ghidra/Framework/SoftwareModeling/src/main/java/ghidra/program/model/data/ParameterDefinition.java
DONE	interface	1207	7	program	Ghidra/Framework/SoftwareModeling/src/main/java/ghidra/program/model/data/CompositeInternal.java
DONE	interface	1207	4	program	Ghidra/Framework/SoftwareModeling/src/main/java/ghidra/program/model/data/InternalDataTypeComponent.java
DONE	interface	1206	6	program	Ghidra/Framework/SoftwareModeling/src/main/java/ghidra/program/model/data/ArrayStringable.java
DONE	interface	1205	7	program	Ghidra/Framework/SoftwareModeling/src/main/java/ghidra/program/model/data/DataTypeManagerChangeListener.java
DONE	interface	1205	5	program	Ghidra/Framework/SoftwareModeling/src/main/java/ghidra/program/model/data/DataTypeWithCharset.java
DONE	interface	1204	2	program	Ghidra/Framework/SoftwareModeling/src/main/java/ghidra/program/model/data/DataTypeManagerDomainObject.java
DONE	interface	1203	0	program	Ghidra/Framework/SoftwareModeling/src/main/java/ghidra/program/model/data/Playable.java
DONE	interface	1203	7	program	Ghidra/Framework/SoftwareModeling/src/main/java/ghidra/program/model/data/ProgramBasedDataTypeManager.java
DONE	interface	1202	4	program	Ghidra/Framework/SoftwareModeling/src/main/java/ghidra/program/model/data/AnnotationHandler.java
DONE	interface	1202	1	program	Ghidra/Framework/SoftwareModeling/src/main/java/ghidra/program/model/data/InvalidatedListener.java
DONE	interface	1202	2	program	Ghidra/Framework/SoftwareModeling/src/main/java/ghidra/program/model/data/StructureInternal.java
DONE	interface	1201	5	program	Ghidra/Framework/SoftwareModeling/src/main/java/ghidra/program/model/data/DataTypeTransferable.java
DONE	interface	1201	3	program	Ghidra/Framework/SoftwareModeling/src/main/java/ghidra/program/model/data/DomainFileBasedDataTypeManager.java
DONE	interface	1201	1	program	Ghidra/Framework/SoftwareModeling/src/main/java/ghidra/program/model/data/FileBasedDataTypeManager.java
DONE	interface	1200	2	program	Ghidra/Framework/SoftwareModeling/src/main/java/ghidra/program/model/data/FileArchiveBasedDataTypeManager.java
DONE	interface	1200	2	program	Ghidra/Framework/SoftwareModeling/src/main/java/ghidra/program/model/data/UnionInternal.java
DONE	interface	1199	6	program	Ghidra/Framework/SoftwareModeling/src/main/java/ghidra/program/model/data/ICategory.java
DONE	interface	1199	2	program	Ghidra/Framework/SoftwareModeling/src/main/java/ghidra/program/model/data/ProjectArchiveBasedDataTypeManager.java
DONE	interface	1199	18	program	Ghidra/Framework/SoftwareModeling/src/test/java/ghidra/program/model/data/IntegerDataTypeTest.java
DONE	interface	1134	6	program	Ghidra/Framework/SoftwareModeling/src/main/java/ghidra/program/model/listing/Data.java
DONE	interface	1097	3	program	Ghidra/Framework/SoftwareModeling/src/main/java/ghidra/program/model/address/AddressRange.java
DONE	interface	1071	3	program	Ghidra/Framework/SoftwareModeling/src/main/java/ghidra/program/model/address/AddressFactory.java
DONE	interface	1061	51	program	Ghidra/Framework/SoftwareModeling/src/main/java/ghidra/program/model/listing/CodeUnit.java
TODO	interface	1053	93	program	Ghidra/Framework/SoftwareModeling/src/main/java/ghidra/program/model/listing/Instruction.java
DONE	interface	1031	73	app	Ghidra/Features/Base/src/main/java/ghidra/app/util/bin/BinaryReader.java
DONE	interface	1010	10	program	Ghidra/Framework/SoftwareModeling/src/main/java/ghidra/program/model/listing/Variable.java
TODO	interface	1009	160	program	Ghidra/Framework/SoftwareModeling/src/main/java/ghidra/program/model/listing/Listing.java
DONE	interface	1003	2	program	Ghidra/Framework/SoftwareModeling/src/main/java/ghidra/program/model/address/AddressIterator.java
DONE	interface	994	2	program	Ghidra/Framework/SoftwareModeling/src/main/java/ghidra/program/model/address/AddressRangeIterator.java
DONE	interface	991	53	program	Ghidra/Framework/SoftwareModeling/src/main/java/ghidra/program/model/listing/ProgramContext.java
DONE	interface	986	6	program	Ghidra/Framework/SoftwareModeling/src/main/java/ghidra/program/model/listing/ProgramModule.java
DONE	interface	980	2	program	Ghidra/Framework/SoftwareModeling/src/main/java/ghidra/program/model/listing/Parameter.java
DONE	interface	979	42	program	Ghidra/Framework/SoftwareModeling/src/main/java/ghidra/program/model/listing/Library.java
DONE	interface	977	2	program	Ghidra/Framework/SoftwareModeling/src/main/java/ghidra/program/model/listing/Bookmark.java
