class	rust_is	should_be	rule	java_kind	location	why
AIFFDataType	trait	struct	R14-concrete-class	class	ghidra-rs/src/program/model/data/aiff_data_type.rs:96	concrete Java `class` (0 in-repo subclass(es))
AbstractAssemblyGrammar	trait	iterator	R6b-bare-iterable	class/abstract	ghidra-rs/src/app/plugin/assembler/sleigh/grammars/abstract_assembly_grammar.rs:67	extends Iterable and declares no other API (1 abstract method(s))
AddrSpace	trait	struct	R14-concrete-class	class	ghidra-rs/src/decompiler/space/addr_space.rs:51	concrete Java `class` (3 in-repo subclass(es))
AddressFieldLocation	trait	struct	R14-concrete-class	class	ghidra-rs/src/program/util/address_field_location.rs:24	concrete Java `class` (0 in-repo subclass(es))
AddressIteratorConverter	trait	struct	R14-concrete-class	class	ghidra-rs/src/program/util/address_iterator_converter.rs:29	concrete Java `class` (0 in-repo subclass(es))
AddressRangeIterator	trait	iterator	R6a-cursor	interface	ghidra-rs/src/program/model/address/iterator.rs:69	extends Iterator
AddressSourceInfo	trait	struct	R14-concrete-class	class	ghidra-rs/src/program/database/mem/address_source_info.rs:29	concrete Java `class` (0 in-repo subclass(es))
AddressSpace	struct	trait	R9-open-interface	interface	ghidra-rs/src/program/model/address/mod.rs:83	Java `interface` with 48 abstract method(s), 1 in-repo implementor(s)
AlignedStructurePacker	trait	struct	R14-concrete-class	class	ghidra-rs/src/program/model/data/aligned_structure_packer.rs:78	concrete Java `class` (1 in-repo subclass(es))
Application	trait	struct	R14-concrete-class	class	ghidra-rs/src/framework/application.rs:93	concrete Java `class` (0 in-repo subclass(es))
ApplicationIdentifier	trait	struct	R14-concrete-class	class	ghidra-rs/src/framework/application_identifier.rs:32	concrete Java `class` (0 in-repo subclass(es))
ApplicationProperties	trait	struct	R14-concrete-class	class	ghidra-rs/src/framework/application_properties.rs:77	concrete Java `class` (0 in-repo subclass(es))
AssemblyExtendedGrammar	trait	struct	R14-concrete-class	class	ghidra-rs/src/app/plugin/assembler/sleigh/grammars/assembly_extended_grammar.rs:29	concrete Java `class` (0 in-repo subclass(es))
AssemblyExtendedNonTerminal	trait	struct	R14-concrete-class	class	ghidra-rs/src/app/plugin/assembler/sleigh/symbol/assembly_extended_non_terminal.rs:27	concrete Java `class` (0 in-repo subclass(es))
AssemblyFixedNumericTerminal	trait	struct	R14-concrete-class	class	ghidra-rs/src/app/plugin/assembler/sleigh/symbol/assembly_fixed_numeric_terminal.rs:67	concrete Java `class` (0 in-repo subclass(es))
AssemblyGrammar	trait	struct	R14-concrete-class	class	ghidra-rs/src/app/plugin/assembler/sleigh/grammars/assembly_grammar.rs:28	concrete Java `class` (0 in-repo subclass(es))
AssemblyNumericTerminal	trait	struct	R14-concrete-class	class	ghidra-rs/src/app/plugin/assembler/sleigh/symbol/assembly_numeric_terminal.rs:78	concrete Java `class` (2 in-repo subclass(es))
AssemblyParseActionGotoTable	trait	struct	R14-concrete-class	class	ghidra-rs/src/app/plugin/assembler/sleigh/parse/assembly_parse_action_goto_table.rs:124	concrete Java `class` (0 in-repo subclass(es))
AssemblyParseBranch	trait	iterator	R6b-bare-iterable	class	ghidra-rs/src/app/plugin/assembler/sleigh/tree/assembly_parse_branch.rs:57	extends Iterable and declares no other API (0 abstract method(s))
AssemblyParseNumericToken	trait	struct	R14-concrete-class	class	ghidra-rs/src/app/plugin/assembler/sleigh/tree/assembly_parse_numeric_token.rs:24	concrete Java `class` (0 in-repo subclass(es))
AssemblyParseToken	trait	struct	R14-concrete-class	class	ghidra-rs/src/app/plugin/assembler/sleigh/tree/assembly_parse_token.rs:27	concrete Java `class` (2 in-repo subclass(es))
AssemblyParseTransitionTable	trait	struct	R14-concrete-class	class	ghidra-rs/src/app/plugin/assembler/sleigh/parse/assembly_parse_transition_table.rs:37	concrete Java `class` (0 in-repo subclass(es))
AssemblyParser	trait	struct	R14-concrete-class	class	ghidra-rs/src/app/plugin/assembler/sleigh/parse/assembly_parser.rs:84	concrete Java `class` (0 in-repo subclass(es))
AssemblyResolvedError	trait	error	R5-exception	interface	ghidra-rs/src/app/plugin/assembler/sleigh/sem/assembly_resolved_error.rs:6	extends/names a Java throwable (AssemblyResolution)
AssemblySelector	trait	struct	R14-concrete-class	class	ghidra-rs/src/app/plugin/assembler/assembly_selector.rs:50	concrete Java `class` (0 in-repo subclass(es))
AssemblySentential	trait	iterator	R6b-bare-iterable	class	ghidra-rs/src/app/plugin/assembler/sleigh/grammars/assembly_sentential.rs:59	extends Iterable and declares no other API (0 abstract method(s))
AttributeManager	trait	struct	R14-concrete-class	class	ghidra-rs/src/util/graph/attributes/attribute_manager.rs:22	concrete Java `class` (0 in-repo subclass(es))
AutoOptionConsumed	struct	trait	R9-open-interface	interface	ghidra-rs/src/framework/options/annotation/auto_option_consumed.rs:13	Java `interface` with 1 abstract method(s), 0 in-repo implementor(s)
AutoParameterImpl	trait	struct	R14-concrete-class	class	ghidra-rs/src/program/model/listing/auto_parameter_impl.rs:73	concrete Java `class` (0 in-repo subclass(es))
AutoServiceProvided	struct	trait	R9-open-interface	interface	ghidra-rs/src/framework/plugintool/annotation/auto_service_provided.rs:13	Java `interface` with 1 abstract method(s), 0 in-repo implementor(s)
BasicCompilerSpec	trait	struct	R14-concrete-class	class	ghidra-rs/src/program/model/lang/basic_compiler_spec.rs:57	concrete Java `class` (1 in-repo subclass(es))
BasicLanguageDescription	trait	struct	R14-concrete-class	class	ghidra-rs/src/program/model/lang/basic_language_description.rs:13	concrete Java `class` (1 in-repo subclass(es))
BigFloat	trait	struct	R14-concrete-class	class	ghidra-rs/src/pcode/floatformat/big_float.rs:66	concrete Java `class` (0 in-repo subclass(es))
BigRefListV0	trait	struct	R14-concrete-class	class	ghidra-rs/src/program/database/references/big_ref_list_v0.rs:49	concrete Java `class` (0 in-repo subclass(es))
BinaryField	trait	struct	R14-concrete-class	class	ghidra-rs/src/framework/db/binary_field.rs:20	concrete Java `class` (2 in-repo subclass(es))
BinaryReader	trait	struct	R14-concrete-class	class	ghidra-rs/src/app/util/bin/binary_reader.rs:30	concrete Java `class` (1 in-repo subclass(es))
BlockGraph	trait	struct	R14-concrete-class	class	ghidra-rs/src/program/model/pcode/block_graph.rs:46	concrete Java `class` (11 in-repo subclass(es))
BlockMap	trait	struct	R14-concrete-class	class	ghidra-rs/src/program/model/pcode/block_map.rs:32	concrete Java `class` (0 in-repo subclass(es))
BlockStreamServer	trait	struct	R14-concrete-class	class	ghidra-rs/src/server/stream/block_stream_server.rs:49	concrete Java `class` (0 in-repo subclass(es))
BufferFileAdapter	trait	struct	R14-concrete-class	class	ghidra-rs/src/framework/db/buffers/buffer_file_adapter.rs:15	concrete Java `class` (1 in-repo subclass(es))
BufferNode	trait	struct	R14-concrete-class	class	ghidra-rs/src/framework/db/buffers/buffer_node.rs:23	concrete Java `class` (0 in-repo subclass(es))
BuiltInSourceArchive	trait	struct	R13-singleton	class	ghidra-rs/src/app/plugin/core/datamgr/archive/built_in_source_archive.rs:18	singleton (private constructor + static INSTANCE) -- expose a `fn` or a `OnceLock`, not a global `Arc<Mutex<_>>`
ByteDataType	trait	struct	R14-concrete-class	class	ghidra-rs/src/program/model/data/byte_data_type.rs:29	concrete Java `class` (0 in-repo subclass(es))
C13FileChecksum	trait	struct	R14-concrete-class	class	ghidra-rs/src/format/pdb2/pdbreader/c13_file_checksum.rs:16	concrete Java `class` (0 in-repo subclass(es))
CachedAddressSetView	trait	struct	R14-concrete-class	class	ghidra-rs/src/program/model/address/cached_address_set_view.rs:18	concrete Java `class` (0 in-repo subclass(es))
CachedPasswordProvider	trait	struct	R14-concrete-class	class	ghidra-rs/src/filesystem/gfilesystem/crypto/cached_password_provider.rs:15	concrete Java `class` (0 in-repo subclass(es))
CallingConvention	trait	enum	R1-java-enum	enum	ghidra-rs/src/format/pdb2/pdbreader/type/calling_convention.rs:14	Java `enum` with 27 constants
ChangeMapFile	trait	struct	R14-concrete-class	class	ghidra-rs/src/framework/db/buffers/change_map_file.rs:11	concrete Java `class` (0 in-repo subclass(es))
CharDataType	trait	struct	R14-concrete-class	class	ghidra-rs/src/program/model/data/char_data_type.rs:41	concrete Java `class` (2 in-repo subclass(es))
CircularPluginA	trait	struct	R14-concrete-class	class	ghidra-rs/src/framework/plugintool/testplugins/circular_plugin_a.rs:22	concrete Java `class` (0 in-repo subclass(es))
ClassDir	trait	struct	R14-concrete-class	class	ghidra-rs/src/util/classfinder/class_dir.rs:15	concrete Java `class` (0 in-repo subclass(es))
ClassSymbol	trait	struct	R14-concrete-class	class	ghidra-rs/src/program/database/symbol/class_symbol.rs:11	concrete Java `class` (0 in-repo subclass(es))
CodeManager	trait	struct	R14-concrete-class	class	ghidra-rs/src/program/database/code/code_manager.rs:69	concrete Java `class` (0 in-repo subclass(es))
CodeSymbol	trait	struct	R14-concrete-class	class	ghidra-rs/src/program/database/symbol/code_symbol.rs:40	concrete Java `class` (0 in-repo subclass(es))
CodeUnitFormat	trait	struct	R14-concrete-class	class	ghidra-rs/src/program/model/listing/code_unit_format.rs:80	concrete Java `class` (1 in-repo subclass(es))
CodeUnitIterator	trait	iterator	R6a-cursor	interface	ghidra-rs/src/program/model/listing/code_unit_iterator.rs:8	extends Iterator
CodeUnitLocation	trait	struct	R14-concrete-class	class	ghidra-rs/src/program/util/code_unit_location.rs:34	concrete Java `class` (19 in-repo subclass(es))
ComparisonItem	trait	struct	R10-abstract-orphan	class/abstract	ghidra-rs/src/app/merge/structures/comparison_item.rs:22	abstract class with no in-repo subclasses
CompositeDataTypeElementInfo	trait	struct	R14-concrete-class	class	ghidra-rs/src/program/model/util/composite_data_type_element_info.rs:10	concrete Java `class` (0 in-repo subclass(es))
ConsistencyChecker	trait	struct	R14-concrete-class	class	ghidra-rs/src/decompiler/slgh_compile/consistency_checker.rs:20	concrete Java `class` (0 in-repo subclass(es))
ConstantSpace	trait	struct	R14-concrete-class	class	ghidra-rs/src/decompiler/space/constant_space.rs:16	concrete Java `class` (0 in-repo subclass(es))
ContextCache	trait	struct	R14-concrete-class	class	ghidra-rs/src/app/plugin/processors/sleigh/context_cache.rs:30	concrete Java `class` (0 in-repo subclass(es))
ContextSet	trait	struct	R14-concrete-class	class	ghidra-rs/src/decompiler/context/context_set.rs:15	concrete Java `class` (0 in-repo subclass(es))
CopyOnReadWeakSet	trait	struct	R14-concrete-class	class	ghidra-rs/src/util/datastruct/copy_on_read_weak_set.rs:15	concrete Java `class` (0 in-repo subclass(es))
CountedDynamicDataType	trait	struct	R10-abstract-orphan	class/abstract	ghidra-rs/src/program/model/data/counted_dynamic_data_type.rs:41	abstract class with no in-repo subclasses
CountingBasicFactory	trait	struct	R10-abstract-orphan	class/abstract	ghidra-rs/src/generic/cache/mod.rs:17	abstract class with no in-repo subclasses
CreateFunctionCmd	trait	struct	R14-concrete-class	class	ghidra-rs/src/app/cmd/function/create_function_cmd.rs:54	concrete Java `class` (0 in-repo subclass(es))
DBAnnotatedObject	trait	struct	R14-concrete-class	class	ghidra-rs/src/util/database/db_annotated_object.rs:38	concrete Java `class` (9 in-repo subclass(es))
DBBuffer	trait	struct	R14-concrete-class	class	ghidra-rs/src/framework/db/db_buffer.rs:18	concrete Java `class` (0 in-repo subclass(es))
DBCachedObjectIndex	trait	struct	R14-concrete-class	class	ghidra-rs/src/util/database/db_cached_object_index.rs:58	concrete Java `class` (0 in-repo subclass(es))
DBCachedObjectStoreEntrySet	trait	struct	R14-concrete-class	class	ghidra-rs/src/util/database/db_cached_object_store_entry_set.rs:40	concrete Java `class` (0 in-repo subclass(es))
DBCachedObjectStoreKeySet	trait	struct	R14-concrete-class	class	ghidra-rs/src/util/database/db_cached_object_store_key_set.rs:35	concrete Java `class` (1 in-repo subclass(es))
DBCachedObjectStoreMap	trait	struct	R14-concrete-class	class	ghidra-rs/src/util/database/db_cached_object_store_map.rs:45	concrete Java `class` (0 in-repo subclass(es))
DBObjectColumn	trait	struct	R14-concrete-class	class	ghidra-rs/src/util/database/db_object_column.rs:21	concrete Java `class` (0 in-repo subclass(es))
DBPropertyMapManager	trait	struct	R14-concrete-class	class	ghidra-rs/src/program/database/properties/db_property_map_manager.rs:39	concrete Java `class` (0 in-repo subclass(es))
DBTraceAddressPropertyManager	trait	struct	R14-concrete-class	class	ghidra-rs/src/trace/database/property/db_trace_address_property_manager.rs:39	concrete Java `class` (0 in-repo subclass(es))
DBTraceAddressSnapRangePropertyMap	trait	struct	R14-concrete-class	class	ghidra-rs/src/trace/database/map/db_trace_address_snap_range_property_map.rs:35	concrete Java `class` (2 in-repo subclass(es))
DBTraceAddressSnapRangePropertyMapAddressSetView	trait	struct	R14-concrete-class	class	ghidra-rs/src/trace/database/map/db_trace_address_snap_range_property_map_address_set_view.rs:38	concrete Java `class` (0 in-repo subclass(es))
DBTraceAddressSnapRangePropertyMapTree	trait	struct	R14-concrete-class	class	ghidra-rs/src/trace/database/map/db_trace_address_snap_range_property_map_tree.rs:49	concrete Java `class` (0 in-repo subclass(es))
DBTraceCodeSpace	trait	struct	R14-concrete-class	class	ghidra-rs/src/trace/database/listing/db_trace_code_space.rs:61	concrete Java `class` (0 in-repo subclass(es))
DBTraceData	trait	struct	R14-concrete-class	class	ghidra-rs/src/trace/database/listing/db_trace_data.rs:36	concrete Java `class` (0 in-repo subclass(es))
DBTraceDefinedUnitsView	trait	struct	R14-concrete-class	class	ghidra-rs/src/trace/database/listing/db_trace_defined_units_view.rs:48	concrete Java `class` (0 in-repo subclass(es))
DBTraceEquate	trait	struct	R14-concrete-class	class	ghidra-rs/src/trace/database/symbol/db_trace_equate.rs:34	concrete Java `class` (0 in-repo subclass(es))
DBTraceEquateManager	trait	struct	R14-concrete-class	class	ghidra-rs/src/trace/database/symbol/db_trace_equate_manager.rs:37	concrete Java `class` (0 in-repo subclass(es))
DBTraceMemoryManager	trait	struct	R14-concrete-class	class	ghidra-rs/src/trace/database/memory/db_trace_memory_manager.rs:78	concrete Java `class` (0 in-repo subclass(es))
DBTraceNamespaceSymbol	trait	struct	R14-concrete-class	class	ghidra-rs/src/trace/database/symbol/db_trace_namespace_symbol.rs:53	concrete Java `class` (1 in-repo subclass(es))
DBTraceObjectValueData	trait	struct	R14-concrete-class	class	ghidra-rs/src/trace/database/target/db_trace_object_value_data.rs:37	concrete Java `class` (0 in-repo subclass(es))
DBTraceObjectValueRStarTree	trait	struct	R14-concrete-class	class	ghidra-rs/src/trace/database/target/db_trace_object_value_r_star_tree.rs:21	concrete Java `class` (0 in-repo subclass(es))
DBTracePlatformManager	trait	struct	R14-concrete-class	class	ghidra-rs/src/trace/database/guest/db_trace_platform_manager.rs:31	concrete Java `class` (0 in-repo subclass(es))
DBTraceReference	trait	struct	R14-concrete-class	class	ghidra-rs/src/trace/database/symbol/db_trace_reference.rs:45	concrete Java `class` (3 in-repo subclass(es))
DBTraceRegisterContextManager	trait	struct	R14-concrete-class	class	ghidra-rs/src/trace/database/context/db_trace_register_context_manager.rs:49	concrete Java `class` (0 in-repo subclass(es))
DBTraceStaticMappingManager	trait	struct	R14-concrete-class	class	ghidra-rs/src/trace/database/module/db_trace_static_mapping_manager.rs:34	concrete Java `class` (0 in-repo subclass(es))
DWordDataType	trait	struct	R14-concrete-class	class	ghidra-rs/src/program/model/data/dword_data_type.rs:27	concrete Java `class` (0 in-repo subclass(es))
DataIterator	trait	iterator	R6a-cursor	interface	ghidra-rs/src/program/model/listing/data_iterator.rs:8	extends Iterator
DataOrganizationImpl	trait	struct	R14-concrete-class	class	ghidra-rs/src/program/model/data/data_organization_impl.rs:104	concrete Java `class` (0 in-repo subclass(es))
DataRefType	trait	struct	R14-concrete-class	class	ghidra-rs/src/program/model/symbol/data_ref_type.rs:14	concrete Java `class` (0 in-repo subclass(es))
DataTable	trait	struct	R14-concrete-class	class	ghidra-rs/src/util/datastruct/data_table.rs:14	concrete Java `class` (1 in-repo subclass(es))
DataTypeArchiveDB	trait	struct	R14-concrete-class	class	ghidra-rs/src/program/database/data_type_archive_db.rs:30	concrete Java `class` (0 in-repo subclass(es))
DataTypeArchiveIdDumper	trait	struct	R14-concrete-class	class	ghidra-rs/src/program/model/data/data_type_archive_id_dumper.rs:36	concrete Java `class` (0 in-repo subclass(es))
DataTypeInstance	trait	struct	R14-concrete-class	class	ghidra-rs/src/program/model/data/data_type_instance.rs:84	concrete Java `class` (0 in-repo subclass(es))
DataTypeTransferable	trait	struct	R14-concrete-class	class	ghidra-rs/src/program/model/data/data_type_transferable.rs:48	concrete Java `class` (0 in-repo subclass(es))
DbCache	trait	struct	R14-concrete-class	class	ghidra-rs/src/program/database/db_cache.rs:37	concrete Java `class` (1 in-repo subclass(es))
DecoratingPrintWriter	trait	struct	R10-abstract-orphan	class/abstract	ghidra-rs/src/script/decorating_print_writer.rs:7	abstract class with no in-repo subclasses
DecryptedPacket	enum	struct	R14-concrete-class	class	ghidra-rs/src/file/crypto/decrypted_packet.rs:8	concrete Java `class` (0 in-repo subclass(es))
DefaultAssemblyResolvedBackfill	trait	struct	R14-concrete-class	class	ghidra-rs/src/app/plugin/assembler/sleigh/sem/default_assembly_resolved_backfill.rs:15	concrete Java `class` (0 in-repo subclass(es))
DefaultDataType	trait	struct	R14-concrete-class	class	ghidra-rs/src/program/model/data/default_data_type.rs:78	concrete Java `class` (0 in-repo subclass(es))
DefaultGhidraProtocolHandler	trait	struct	R14-concrete-class	class	ghidra-rs/src/framework/protocol/ghidra/default_ghidra_protocol_handler.rs:23	concrete Java `class` (0 in-repo subclass(es))
DefaultLanguageService	trait	struct	R14-concrete-class	class	ghidra-rs/src/program/util/default_language_service.rs:40	concrete Java `class` (0 in-repo subclass(es))
DefaultPluginPackagingProvider	trait	struct	R14-concrete-class	class	ghidra-rs/src/framework/plugintool/default_plugin_packaging_provider.rs:16	concrete Java `class` (0 in-repo subclass(es))
DefaultProjectData	trait	struct	R14-concrete-class	class	ghidra-rs/src/framework/data/default_project_data.rs:86	concrete Java `class` (1 in-repo subclass(es))
DefaultSchemaContext	trait	struct	R14-concrete-class	class	ghidra-rs/src/trace/model/target/schema/default_schema_context.rs:24	concrete Java `class` (1 in-repo subclass(es))
DefaultTraceObjectSchema	trait	struct	R14-concrete-class	class	ghidra-rs/src/trace/model/target/schema/default_trace_object_schema.rs:38	concrete Java `class` (0 in-repo subclass(es))
DependencyGraph	trait	struct	R14-concrete-class	class	ghidra-rs/src/util/graph/dependency_graph.rs:19	concrete Java `class` (0 in-repo subclass(es))
DepthFirstSearch	trait	struct	R14-concrete-class	class	ghidra-rs/src/util/graph/depth_first_search.rs:21	concrete Java `class` (0 in-repo subclass(es))
Dimension	struct	trait	R9-open-interface	interface	ghidra-rs/src/graph/visualization/jgt_tidier_tree_layout_algorithm.rs:7	Java `interface` with 6 abstract method(s), 0 in-repo implementor(s)
DirectedGraph	trait	struct	R14-concrete-class	class	ghidra-rs/src/util/graph/directed_graph.rs:40	concrete Java `class` (2 in-repo subclass(es))
DynamicEntry	trait	struct	R14-concrete-class	class	ghidra-rs/src/program/model/pcode/dynamic_entry.rs:46	concrete Java `class` (0 in-repo subclass(es))
DynamicHash	trait	struct	R14-concrete-class	class	ghidra-rs/src/program/model/pcode/dynamic_hash.rs:271	concrete Java `class` (0 in-repo subclass(es))
DynamicVariableStorage	trait	struct	R14-concrete-class	class	ghidra-rs/src/program/model/lang/dynamic_variable_storage.rs:44	concrete Java `class` (0 in-repo subclass(es))
Edge	trait	struct	R14-concrete-class	class	ghidra-rs/src/util/graph/edge.rs:17	concrete Java `class` (0 in-repo subclass(es))
EdgeSet	trait	struct	R14-concrete-class	class	ghidra-rs/src/util/graph/edge_set.rs:18	concrete Java `class` (0 in-repo subclass(es))
EmptyFunctionIterator	struct	enum	R1-java-enum	enum	ghidra-rs/src/program/model/listing/function_iterator.rs:13	Java `enum` with 1 constants
EmptyFunctionIterator	struct	enum	R1-java-enum	enum	ghidra-rs/src/trace/util/empty_function_iterator.rs:11	Java `enum` with 1 constants
EnumeratingIterator	trait	iterator	R6a-cursor	interface	ghidra-rs/src/trace/util/enumerating_iterator.rs:6	extends Iterator
EqualEquation	trait	struct	R14-concrete-class	class	ghidra-rs/src/decompiler/slghpatexpress/equal_equation.rs:19	concrete Java `class` (0 in-repo subclass(es))
EquateManager	trait	struct	R14-concrete-class	class	ghidra-rs/src/program/database/symbol/equate_manager.rs:144	concrete Java `class` (0 in-repo subclass(es))
ExprTree	trait	struct	R14-concrete-class	class	ghidra-rs/src/decompiler/slgh_compile/expr_tree.rs:20	concrete Java `class` (0 in-repo subclass(es))
ExpressionEvaluator	trait	struct	R14-concrete-class	class	ghidra-rs/src/generic/expressions/expression_evaluator.rs:20	concrete Java `class` (1 in-repo subclass(es))
ExpressionOperator	trait	enum	R1-java-enum	enum	ghidra-rs/src/generic/expressions/expression_operator.rs:16	Java `enum` with 21 constants
ExtensionDetails	trait	struct	R14-concrete-class	class	ghidra-rs/src/util/extensions/extension_details.rs:25	concrete Java `class` (0 in-repo subclass(es))
ExternalLocationIterator	trait	iterator	R6a-cursor	interface	ghidra-rs/src/program/model/symbol/external_location_iterator.rs:13	extends Iterator
FieldIndexTable	trait	struct	R14-concrete-class	class	ghidra-rs/src/framework/db/field_index_table.rs:16	concrete Java `class` (0 in-repo subclass(es))
FieldSpan	trait	enum	R2-sealed	interface/sealed	ghidra-rs/src/util/database/field_span.rs:26	Java `sealed interface` -- the permitted set is closed: its nested implementors
FileBytes	trait	struct	R14-concrete-class	class	ghidra-rs/src/program/database/mem/file_bytes.rs:67	concrete Java `class` (0 in-repo subclass(es))
FileDataTypeManager	trait	struct	R14-concrete-class	class	ghidra-rs/src/program/model/data/file_data_type_manager.rs:85	concrete Java `class` (0 in-repo subclass(es))
FileSystemInfoRec	trait	struct	R14-concrete-class	class	ghidra-rs/src/filesystem/gfilesystem/factory/file_system_info_rec.rs:24	concrete Java `class` (0 in-repo subclass(es))
FileSystemInitializer	trait	struct	R14-concrete-class	class	ghidra-rs/src/framework/store/file_system_initializer.rs:17	concrete Java `class` (0 in-repo subclass(es))
FileSystemRef	trait	struct	R14-concrete-class	class	ghidra-rs/src/filesystem/gfilesystem/file_system_ref.rs:35	concrete Java `class` (0 in-repo subclass(es))
FileSystemRefManager	trait	struct	R14-concrete-class	class	ghidra-rs/src/filesystem/gfilesystem/file_system_ref_manager.rs:57	concrete Java `class` (0 in-repo subclass(es))
FileSystemService	trait	struct	R14-concrete-class	class	ghidra-rs/src/filesystem/gfilesystem/file_system_service.rs:60	concrete Java `class` (0 in-repo subclass(es))
FixedKeyFixedRecNode	trait	struct	R14-concrete-class	class	ghidra-rs/src/framework/db/fixed_key_fixed_rec_node.rs:20	concrete Java `class` (0 in-repo subclass(es))
FixedKeyInteriorNode	trait	struct	R14-concrete-class	class	ghidra-rs/src/framework/db/fixed_key_interior_node.rs:30	concrete Java `class` (0 in-repo subclass(es))
FixedKeyVarRecNode	trait	struct	R14-concrete-class	class	ghidra-rs/src/framework/db/fixed_key_var_rec_node.rs:16	concrete Java `class` (0 in-repo subclass(es))
FixedSizeHashMap	trait	struct	R14-concrete-class	class	ghidra-rs/src/util/datastruct/fixed_size_hash_map.rs:12	concrete Java `class` (1 in-repo subclass(es))
FunctionDefinitionDataType	trait	struct	R14-concrete-class	class	ghidra-rs/src/program/model/data/function_definition_data_type.rs:128	concrete Java `class` (1 in-repo subclass(es))
FunctionIterator	trait	iterator	R6a-cursor	interface	ghidra-rs/src/program/model/listing/function_iterator.rs:9	extends Iterator
FunctionMerge	trait	struct	R14-concrete-class	class	ghidra-rs/src/program/util/function_merge.rs:53	concrete Java `class` (0 in-repo subclass(es))
FunctionPrototype	trait	struct	R14-concrete-class	class	ghidra-rs/src/program/model/pcode/function_prototype.rs:46	concrete Java `class` (0 in-repo subclass(es))
FunctionSignatureImpl	trait	struct	R14-concrete-class	class	ghidra-rs/src/program/model/listing/function_signature_impl.rs:29	concrete Java `class` (0 in-repo subclass(es))
FunctionSymbol	trait	struct	R14-concrete-class	class	ghidra-rs/src/program/database/symbol/function_symbol.rs:32	concrete Java `class` (0 in-repo subclass(es))
GFileSystemFactoryIgnore	trait	struct	R14-concrete-class	class	ghidra-rs/src/filesystem/gfilesystem/factory/g_file_system_factory_ignore.rs:10	concrete Java `class` (0 in-repo subclass(es))
GhidraDataTypeArchiveMergeManagerFactory	trait	struct	R14-concrete-class	class	ghidra-rs/src/program/database/ghidra_data_type_archive_merge_manager_factory.rs:16	concrete Java `class` (0 in-repo subclass(es))
GhidraFolderData	trait	struct	R14-concrete-class	class	ghidra-rs/src/framework/data/ghidra_folder_data.rs:42	concrete Java `class` (1 in-repo subclass(es))
GhidraJarBuilder	trait	struct	R14-concrete-class	class	ghidra-rs/src/util/ghidra_jar_builder.rs:54	concrete Java `class` (0 in-repo subclass(es))
GhidraObjectInputFilter	trait	struct	R14-concrete-class	class	ghidra-rs/src/framework/remote/ghidra_object_input_filter.rs:105	concrete Java `class` (0 in-repo subclass(es))
GhidraProgramMultiUserMergeManagerFactory	trait	struct	R14-concrete-class	class	ghidra-rs/src/program/database/ghidra_program_multi_user_merge_manager_factory.rs:15	concrete Java `class` (0 in-repo subclass(es))
GhidraServer	trait	struct	R14-concrete-class	class	ghidra-rs/src/server/remote/ghidra_server.rs:34	concrete Java `class` (0 in-repo subclass(es))
GhidraToolState	trait	struct	R14-concrete-class	class	ghidra-rs/src/framework/data/ghidra_tool_state.rs:33	concrete Java `class` (0 in-repo subclass(es))
GhidraURLConnection	trait	struct	R14-concrete-class	class	ghidra-rs/src/framework/protocol/ghidra/ghidra_url_connection.rs:115	concrete Java `class` (0 in-repo subclass(es))
GlobalReferenceIterator	trait	struct	R14-concrete-class	class	ghidra-rs/src/format/pdb2/pdbreader/global_reference_iterator.rs:52	concrete Java `class` (0 in-repo subclass(es))
GlobalSymbolMap	trait	struct	R14-concrete-class	class	ghidra-rs/src/program/model/pcode/global_symbol_map.rs:24	concrete Java `class` (0 in-repo subclass(es))
HighCodeSymbol	trait	struct	R14-concrete-class	class	ghidra-rs/src/program/model/pcode/high_code_symbol.rs:36	concrete Java `class` (0 in-repo subclass(es))
HighConstant	trait	struct	R14-concrete-class	class	ghidra-rs/src/program/model/pcode/high_constant.rs:42	concrete Java `class` (0 in-repo subclass(es))
HighFunction	trait	struct	R14-concrete-class	class	ghidra-rs/src/program/model/pcode/high_function.rs:93	concrete Java `class` (0 in-repo subclass(es))
HighFunctionDBUtil	trait	struct	R14-concrete-class	class	ghidra-rs/src/program/model/pcode/high_function_db_util.rs:94	concrete Java `class` (0 in-repo subclass(es))
HighParamID	trait	struct	R14-concrete-class	class	ghidra-rs/src/program/model/pcode/high_param_id.rs:63	concrete Java `class` (0 in-repo subclass(es))
HighSymbol	trait	struct	R14-concrete-class	class	ghidra-rs/src/program/model/pcode/high_symbol.rs:77	concrete Java `class` (7 in-repo subclass(es))
ImmutableTraceAddressSnapRange	trait	struct	R14-concrete-class	class	ghidra-rs/src/trace/model/immutable_trace_address_snap_range.rs:30	concrete Java `class` (0 in-repo subclass(es))
ImmutableValueBox	trait	struct	R3-record	record	ghidra-rs/src/trace/database/target/immutable_value_box.rs:20	Java `record` -- an immutable value type
IndexField	trait	struct	R14-concrete-class	class	ghidra-rs/src/framework/db/index_field.rs:21	concrete Java `class` (1 in-repo subclass(es))
IndexedLocalFileSystem	trait	struct	R14-concrete-class	class	ghidra-rs/src/framework/store/local/indexed_local_file_system.rs:47	concrete Java `class` (1 in-repo subclass(es))
InjectPayloadCallfixup	trait	struct	R14-concrete-class	class	ghidra-rs/src/program/model/lang/inject_payload_callfixup.rs:23	concrete Java `class` (1 in-repo subclass(es))
InjectPayloadSleigh	trait	struct	R14-concrete-class	class	ghidra-rs/src/program/model/lang/inject_payload_sleigh.rs:28	concrete Java `class` (4 in-repo subclass(es))
InstructionBlock	trait	iterator	R6b-bare-iterable	class	ghidra-rs/src/program/model/lang/instruction_block.rs:16	extends Iterable and declares no other API (0 abstract method(s))
InstructionIterator	trait	iterator	R6a-cursor	interface	ghidra-rs/src/program/model/listing/instruction_iterator.rs:9	extends Iterator
InstructionPcodeOverride	trait	struct	R14-concrete-class	class	ghidra-rs/src/program/model/listing/instruction_pcode_override.rs:27	concrete Java `class` (0 in-repo subclass(es))
InstructionStub	trait	struct	R14-concrete-class	class	ghidra-rs/src/program/model/listing/instruction_stub.rs:52	concrete Java `class` (0 in-repo subclass(es))
Int16TDataType	trait	struct	R14-concrete-class	class	ghidra-rs/src/program/model/data/int16_t_data_type.rs:38	concrete Java `class` (0 in-repo subclass(es))
Int32TDataType	trait	struct	R14-concrete-class	class	ghidra-rs/src/program/model/data/int32_t_data_type.rs:38	concrete Java `class` (0 in-repo subclass(es))
Int64TDataType	trait	struct	R14-concrete-class	class	ghidra-rs/src/program/model/data/int64_t_data_type.rs:40	concrete Java `class` (0 in-repo subclass(es))
Int8TDataType	trait	struct	R14-concrete-class	class	ghidra-rs/src/program/model/data/int8_t_data_type.rs:40	concrete Java `class` (0 in-repo subclass(es))
Integer16DataType	trait	struct	R14-concrete-class	class	ghidra-rs/src/program/model/data/integer16_data_type.rs:37	concrete Java `class` (0 in-repo subclass(es))
Integer3DataType	trait	struct	R14-concrete-class	class	ghidra-rs/src/program/model/data/integer3_data_type.rs:37	concrete Java `class` (0 in-repo subclass(es))
Integer5DataType	trait	struct	R14-concrete-class	class	ghidra-rs/src/program/model/data/integer5_data_type.rs:37	concrete Java `class` (0 in-repo subclass(es))
Integer6DataType	trait	struct	R14-concrete-class	class	ghidra-rs/src/program/model/data/integer6_data_type.rs:37	concrete Java `class` (0 in-repo subclass(es))
Integer7DataType	trait	struct	R14-concrete-class	class	ghidra-rs/src/program/model/data/integer7_data_type.rs:37	concrete Java `class` (0 in-repo subclass(es))
IntegerDataType	trait	struct	R14-concrete-class	class	ghidra-rs/src/program/model/data/integer_data_type.rs:28	concrete Java `class` (0 in-repo subclass(es))
IntegerDataTypeTest	trait	struct	R14-concrete-class	class	ghidra-rs/src/program/model/data/integer_data_type_test.rs:23	concrete Java `class` (0 in-repo subclass(es))
InvalidPrototype	trait	struct	R14-concrete-class	class	ghidra-rs/src/program/model/lang/invalid_prototype.rs:44	concrete Java `class` (0 in-repo subclass(es))
ItemPropertyFile	trait	struct	R14-concrete-class	class	ghidra-rs/src/framework/store/local/item_property_file.rs:26	concrete Java `class` (2 in-repo subclass(es))
JdiEventsListenerAdapter	struct	trait	R9-open-interface	interface	ghidra-rs/src/debug/dbg/jdi/manager/jdi_events_listener_adapter.rs:16	Java `interface` with 0 abstract method(s), 1 in-repo implementor(s)
KeySpan	trait	enum	R2-sealed	interface/sealed	ghidra-rs/src/util/database/key_span.rs:17	Java `sealed interface` -- the permitted set is closed: its nested implementors
LanguageVersionException	trait	error	R5-exception	class	ghidra-rs/src/program/model/lang/language_version_exception.rs:26	extends/names a Java throwable (VersionException)
LazyLoadingCachingMap	trait	struct	R10-abstract-orphan	class/abstract	ghidra-rs/src/program/database/data/lazy_loading_caching_map.rs:22	abstract class with no in-repo subclasses
ListIterator	trait	struct	R14-concrete-class	class	ghidra-rs/src/util/reversed_list_iterator.rs:5	concrete Java `class` (3 in-repo subclass(es))
ListingDB	trait	struct	R14-concrete-class	class	ghidra-rs/src/program/database/listing_db.rs:28	concrete Java `class` (0 in-repo subclass(es))
Loaded	trait	struct	R14-concrete-class	class	ghidra-rs/src/app/util/opinion/loaded.rs:62	concrete Java `class` (0 in-repo subclass(es))
LongDataType	trait	struct	R14-concrete-class	class	ghidra-rs/src/program/model/data/long_data_type.rs:31	concrete Java `class` (0 in-repo subclass(es))
LongKeyNode	enum	struct_trait	R11-abstract-stateful	class/abstract	ghidra-rs/src/framework/db/nodes/long_key_node.rs:16	abstract class with 4 instance field(s) and 2 in-repo subclass(es)
LongLongDataType	trait	struct	R14-concrete-class	class	ghidra-rs/src/program/model/data/long_long_data_type.rs:32	concrete Java `class` (0 in-repo subclass(es))
ManagedBufferFileAdapter	trait	struct	R14-concrete-class	class	ghidra-rs/src/framework/db/buffers/managed_buffer_file_adapter.rs:13	concrete Java `class` (0 in-repo subclass(es))
MemoryBlockDefinition	trait	struct	R14-concrete-class	class	ghidra-rs/src/app/plugin/processors/generic/memory_block_definition.rs:99	concrete Java `class` (0 in-repo subclass(es))
ModuleManager	trait	struct	R14-concrete-class	class	ghidra-rs/src/program/database/module/module_manager.rs:71	concrete Java `class` (0 in-repo subclass(es))
MsSymbolIterator	trait	iterator	R6a-cursor	class	ghidra-rs/src/format/pdb2/pdbreader/ms_symbol_iterator.rs:31	extends Iterator
MultEntSubModel	trait	struct	R14-concrete-class	class	ghidra-rs/src/program/model/block/mult_ent_sub_model.rs:27	concrete Java `class` (0 in-repo subclass(es))
NavigatableActionContext	trait	struct	R14-concrete-class	class	ghidra-rs/src/app/context/navigatable_action_context.rs:12	concrete Java `class` (4 in-repo subclass(es))
NoisyStructureBuilder	trait	struct	R14-concrete-class	class	ghidra-rs/src/program/model/data/noisy_structure_builder.rs:72	concrete Java `class` (0 in-repo subclass(es))
ObjectStorageStreamAdapter	enum	struct	R14-concrete-class	class	ghidra-rs/src/util/object_storage_stream_adapter.rs:15	concrete Java `class` (0 in-repo subclass(es))
OffsetFieldLocation	trait	struct	R14-concrete-class	class	ghidra-rs/src/program/util/offset_field_location.rs:18	concrete Java `class` (0 in-repo subclass(es))
OldFunctionDataDB	trait	struct	R14-concrete-class	class	ghidra-rs/src/program/database/oldfunction/old_function_data_db.rs:77	concrete Java `class` (0 in-repo subclass(es))
OldFunctionManager	trait	struct	R14-concrete-class	class	ghidra-rs/src/program/database/oldfunction/old_function_manager.rs:104	concrete Java `class` (0 in-repo subclass(es))
OpTplWalker	trait	struct	R14-concrete-class	class	ghidra-rs/src/app/plugin/processors/sleigh/op_tpl_walker.rs:32	concrete Java `class` (0 in-repo subclass(es))
OperandRepresentationList	trait	struct	R14-concrete-class	class	ghidra-rs/src/program/model/listing/operand_representation_list.rs:64	concrete Java `class` (0 in-repo subclass(es))
OtherSpace	trait	struct	R14-concrete-class	class	ghidra-rs/src/decompiler/space/other_space.rs:15	concrete Java `class` (0 in-repo subclass(es))
OverlapCodeSubModel	trait	struct	R14-concrete-class	class	ghidra-rs/src/program/model/block/overlap_code_sub_model.rs:27	concrete Java `class` (1 in-repo subclass(es))
PackedDatabase	trait	struct	R14-concrete-class	class	ghidra-rs/src/framework/store/db/packed_database.rs:33	concrete Java `class` (0 in-repo subclass(es))
ParamEntry	trait	struct	R14-concrete-class	class	ghidra-rs/src/program/model/lang/param_entry.rs:34	concrete Java `class` (0 in-repo subclass(es))
ParamListRegisterOut	trait	struct	R14-concrete-class	class	ghidra-rs/src/program/model/lang/param_list_register_out.rs:22	concrete Java `class` (0 in-repo subclass(es))
ParamListStandard	trait	struct	R14-concrete-class	class	ghidra-rs/src/program/model/lang/param_list_standard.rs:64	concrete Java `class` (1 in-repo subclass(es))
ParamListStandardOut	trait	struct	R14-concrete-class	class	ghidra-rs/src/program/model/lang/param_list_standard_out.rs:40	concrete Java `class` (1 in-repo subclass(es))
ParameterDefinitionImpl	trait	struct	R14-concrete-class	class	ghidra-rs/src/program/model/data/parameter_definition_impl.rs:132	concrete Java `class` (0 in-repo subclass(es))
ParameterImpl	trait	struct	R14-concrete-class	class	ghidra-rs/src/program/model/listing/parameter_impl.rs:51	concrete Java `class` (3 in-repo subclass(es))
PartialUnion	trait	struct	R14-concrete-class	class	ghidra-rs/src/program/model/pcode/partial_union.rs:63	concrete Java `class` (0 in-repo subclass(es))
PartitionCodeSubModel	trait	struct	R14-concrete-class	class	ghidra-rs/src/program/model/block/partition_code_sub_model.rs:28	concrete Java `class` (0 in-repo subclass(es))
PatternEquation	enum	struct_trait	R11-abstract-stateful	class/abstract	ghidra-rs/src/sleigh/grammar/frontend/ast.rs:556	abstract class with 3 instance field(s) and 8 in-repo subclass(es)
PcodeBlockBasic	trait	struct	R14-concrete-class	class	ghidra-rs/src/program/model/pcode/pcode_block_basic.rs:54	concrete Java `class` (0 in-repo subclass(es))
PcodeDataTypeManager	trait	struct	R14-concrete-class	class	ghidra-rs/src/program/model/pcode/pcode_data_type_manager.rs:133	concrete Java `class` (0 in-repo subclass(es))
PcodeEmitObjects	trait	struct	R14-concrete-class	class	ghidra-rs/src/app/plugin/processors/sleigh/pcode_emit_objects.rs:24	concrete Java `class` (0 in-repo subclass(es))
PcodeEmitPacked	trait	struct	R14-concrete-class	class	ghidra-rs/src/app/plugin/processors/sleigh/pcode_emit_packed.rs:51	concrete Java `class` (0 in-repo subclass(es))
PeekableIterator	trait	iterator	R6a-cursor	interface	ghidra-rs/src/generic/util/peekable_iterator.rs:10	extends Iterator
PeekableIterators	trait	enum	R1-java-enum	enum	ghidra-rs/src/generic/util/peekable_iterators.rs:15	Java `enum` with 0 constants
Platform	trait	enum	R1-java-enum	enum	ghidra-rs/src/framework/platform.rs:15	Java `enum` with 14 constants
PluginDescription	trait	struct	R14-concrete-class	class	ghidra-rs/src/framework/plugintool/util/plugin_description.rs:33	concrete Java `class` (1 in-repo subclass(es))
PluginManagerTest	trait	struct	R14-concrete-class	class	ghidra-rs/src/framework/plugintool/plugin_manager_test.rs:21	concrete Java `class` (0 in-repo subclass(es))
PointerDataType	trait	struct	R14-concrete-class	class	ghidra-rs/src/program/model/data/pointer_data_type.rs:164	concrete Java `class` (8 in-repo subclass(es))
PointerSizedIntegerDataType	trait	struct	R14-concrete-class	class	ghidra-rs/src/program/model/data/pointer_sized_integer_data_type.rs:39	concrete Java `class` (0 in-repo subclass(es))
PointerType	trait	enum	R1-java-enum	enum	ghidra-rs/src/program/model/data/pointer_type.rs:20	Java `enum` with 4 constants
PointerTypedefBuilder	trait	struct	R14-concrete-class	class	ghidra-rs/src/program/model/data/pointer_typedef_builder.rs:21	concrete Java `class` (0 in-repo subclass(es))
PrimitiveTraceObjectSchema	trait	enum	R1-java-enum	enum	ghidra-rs/src/trace/model/target/schema/primitive_trace_object_schema.rs:33	Java `enum` with 1 constants with constant-specific bodies -> `match self` in each method
PrivateDatabase	trait	struct	R14-concrete-class	class	ghidra-rs/src/framework/store/db/private_database.rs:41	concrete Java `class` (0 in-repo subclass(es))
ProgramAddressFactory	trait	struct	R14-concrete-class	class	ghidra-rs/src/program/database/program_address_factory.rs:39	concrete Java `class` (1 in-repo subclass(es))
ProgramArchitectureTranslator	trait	struct	R14-concrete-class	class	ghidra-rs/src/program/model/data/program_architecture_translator.rs:49	concrete Java `class` (0 in-repo subclass(es))
ProgramCompilerSpec	trait	struct	R14-concrete-class	class	ghidra-rs/src/program/database/program_compiler_spec.rs:47	concrete Java `class` (0 in-repo subclass(es))
ProgramLocation	trait	struct	R14-concrete-class	class	ghidra-rs/src/program/util/program_location.rs:50	concrete Java `class` (17 in-repo subclass(es))
ProgramMerge	trait	struct	R14-concrete-class	class	ghidra-rs/src/program/util/program_merge.rs:77	concrete Java `class` (0 in-repo subclass(es))
ProjectLocator	trait	struct	R14-concrete-class	class	ghidra-rs/src/framework/model/project_locator.rs:52	concrete Java `class` (0 in-repo subclass(es))
PropertyFile	trait	struct	R14-concrete-class	class	ghidra-rs/src/util/property_file.rs:19	concrete Java `class` (1 in-repo subclass(es))
PrototypeManager	trait	struct	R14-concrete-class	class	ghidra-rs/src/program/database/code/prototype_manager.rs:31	concrete Java `class` (0 in-repo subclass(es))
PrototypeModel	trait	struct	R14-concrete-class	class	ghidra-rs/src/program/model/lang/prototype_model.rs:39	concrete Java `class` (2 in-repo subclass(es))
PseudoData	trait	struct	R14-concrete-class	class	ghidra-rs/src/app/util/pseudo_data.rs:17	concrete Java `class` (1 in-repo subclass(es))
PseudoDisassembler	trait	struct	R14-concrete-class	class	ghidra-rs/src/app/util/pseudo_disassembler.rs:85	concrete Java `class` (0 in-repo subclass(es))
QWordDataType	trait	struct	R14-concrete-class	class	ghidra-rs/src/program/model/data/qword_data_type.rs:27	concrete Java `class` (0 in-repo subclass(es))
RangeMapSetter	trait	struct	R10-abstract-orphan	class/abstract	ghidra-rs/src/generic/range_map_setter.rs:10	abstract class with no in-repo subclasses
RecoveryFileTest	trait	struct	R14-concrete-class	class	ghidra-rs/src/framework/db/buffers/recovery_file_test.rs:18	concrete Java `class` (0 in-repo subclass(es))
RecursiveDescentSolver	trait	struct	R14-concrete-class	class	ghidra-rs/src/app/plugin/assembler/sleigh/expr/recursive_descent_solver.rs:46	concrete Java `class` (0 in-repo subclass(es))
RefListFlagsV0	trait	struct	R14-concrete-class	class	ghidra-rs/src/program/database/references/ref_list_flags_v0.rs:113	concrete Java `class` (0 in-repo subclass(es))
RefListV0	trait	struct	R14-concrete-class	class	ghidra-rs/src/program/database/references/ref_list_v0.rs:42	concrete Java `class` (0 in-repo subclass(es))
RefType	enum	struct_trait	R11-abstract-stateful	class/abstract	ghidra-rs/src/program/model/symbol/ref_type.rs:6	abstract class with 2 instance field(s) and 2 in-repo subclass(es)
ReferenceIterator	trait	iterator	R6a-cursor	interface	ghidra-rs/src/program/model/symbol/reference_iterator.rs:8	extends Iterator
RelocationManager	trait	struct	R14-concrete-class	class	ghidra-rs/src/program/database/reloc/relocation_manager.rs:36	concrete Java `class` (0 in-repo subclass(es))
RepositoryAdapter	trait	struct	R14-concrete-class	class	ghidra-rs/src/framework/client/repository_adapter.rs:56	concrete Java `class` (0 in-repo subclass(es))
RepositoryFile	trait	struct	R14-concrete-class	class	ghidra-rs/src/server/store/repository_file.rs:65	concrete Java `class` (0 in-repo subclass(es))
RepositoryHandleImpl	trait	struct	R14-concrete-class	class	ghidra-rs/src/server/remote/repository_handle_impl.rs:45	concrete Java `class` (0 in-repo subclass(es))
RepositoryManager	trait	struct	R14-concrete-class	class	ghidra-rs/src/server/repository_manager.rs:55	concrete Java `class` (0 in-repo subclass(es))
RepositoryServerAdapter	trait	struct	R14-concrete-class	class	ghidra-rs/src/framework/client/repository_server_adapter.rs:70	concrete Java `class` (0 in-repo subclass(es))
RepositoryServerHandleImpl	trait	struct	R14-concrete-class	class	ghidra-rs/src/server/remote/repository_server_handle_impl.rs:48	concrete Java `class` (0 in-repo subclass(es))
ShortDataType	trait	struct	R14-concrete-class	class	ghidra-rs/src/program/model/data/short_data_type.rs:28	concrete Java `class` (0 in-repo subclass(es))
SimpleBlockModel	trait	struct	R14-concrete-class	class	ghidra-rs/src/program/model/block/simple_block_model.rs:50	concrete Java `class` (1 in-repo subclass(es))
SimpleDiffUtility	trait	struct	R14-concrete-class	class	ghidra-rs/src/program/util/simple_diff_utility.rs:65	concrete Java `class` (1 in-repo subclass(es))
SleighAssemblerBuilder	trait	struct	R14-concrete-class	class	ghidra-rs/src/app/plugin/assembler/sleigh/sleigh_assembler_builder.rs:30	concrete Java `class` (0 in-repo subclass(es))
SleighCompile	trait	struct	R14-concrete-class	class	ghidra-rs/src/decompiler/slgh_compile/sleigh_compile.rs:35	concrete Java `class` (0 in-repo subclass(es))
SleighDebugLogger	trait	struct	R14-concrete-class	class	ghidra-rs/src/app/plugin/processors/sleigh/sleigh_debug_logger.rs:64	concrete Java `class` (0 in-repo subclass(es))
SleighInstructionPrototype	trait	struct	R14-concrete-class	class	ghidra-rs/src/app/plugin/processors/sleigh/sleigh_instruction_prototype.rs:285	concrete Java `class` (0 in-repo subclass(es))
SleighLanguageDescription	trait	struct	R14-concrete-class	class	ghidra-rs/src/app/plugin/processors/sleigh/sleigh_language_description.rs:27	concrete Java `class` (0 in-repo subclass(es))
SleighLanguageFile	trait	struct	R14-concrete-class	class	ghidra-rs/src/app/plugin/processors/sleigh/sleigh_language_file.rs:46	concrete Java `class` (0 in-repo subclass(es))
SleighLanguageProvider	trait	struct	R14-concrete-class	class	ghidra-rs/src/app/plugin/processors/sleigh/sleigh_language_provider.rs:61	concrete Java `class` (0 in-repo subclass(es))
SleighParserContext	trait	struct	R14-concrete-class	class	ghidra-rs/src/app/plugin/processors/sleigh/sleigh_parser_context.rs:29	concrete Java `class` (0 in-repo subclass(es))
SourceFileManagerDB	trait	struct	R14-concrete-class	class	ghidra-rs/src/program/database/sourcemap/source_file_manager_db.rs:72	concrete Java `class` (0 in-repo subclass(es))
SourceMapEntryIterator	trait	iterator	R6a-cursor	interface	ghidra-rs/src/program/model/sourcemap/source_map_entry_iterator.rs:10	extends Iterator
StackFrameImpl	trait	struct	R14-concrete-class	class	ghidra-rs/src/util/stack_frame_impl.rs:84	concrete Java `class` (0 in-repo subclass(es))
StandAloneDataTypeManager	trait	struct	R14-concrete-class	class	ghidra-rs/src/program/model/data/stand_alone_data_type_manager.rs:169	concrete Java `class` (3 in-repo subclass(es))
StringDataInstance	trait	struct	R14-concrete-class	class	ghidra-rs/src/program/model/data/string_data_instance.rs:78	concrete Java `class` (0 in-repo subclass(es))
StructureMapping	struct	trait	R9-open-interface	interface	ghidra-rs/src/format/golang/structmapping/structure_mapping.rs:40	Java `interface` with 1 abstract method(s), 0 in-repo implementor(s)
StubListing	trait	struct	R14-concrete-class	class	ghidra-rs/src/program/model/listing/stub_listing.rs:37	concrete Java `class` (0 in-repo subclass(es))
StubMemory	trait	struct	R14-concrete-class	class	ghidra-rs/src/program/model/mem/stub_memory.rs:86	concrete Java `class` (0 in-repo subclass(es))
SubroutineDestReferenceIterator	trait	struct	R14-concrete-class	class	ghidra-rs/src/program/model/block/subroutine_dest_reference_iterator.rs:30	concrete Java `class` (0 in-repo subclass(es))
SymbolIterator	trait	iterator	R6a-cursor	interface	ghidra-rs/src/program/model/symbol/symbol_iterator.rs:13	extends Iterator
SymbolPath	trait	struct	R14-concrete-class	class	ghidra-rs/src/app/util/symbol_path.rs:41	concrete Java `class` (0 in-repo subclass(es))
SymbolUtilities	trait	struct	R14-concrete-class	class	ghidra-rs/src/program/model/symbol/symbol_utilities.rs:150	concrete Java `class` (0 in-repo subclass(es))
SymbolicPropogator	trait	struct	R14-concrete-class	class	ghidra-rs/src/program/util/symbolic_propogator.rs:105	concrete Java `class` (0 in-repo subclass(es))
TableEntryKey	trait	struct	R14-concrete-class	class	ghidra-rs/src/app/plugin/assembler/sleigh/util/table_entry_key.rs:30	concrete Java `class` (1 in-repo subclass(es))
TokenPattern	trait	struct	R14-concrete-class	class	ghidra-rs/src/decompiler/slghpatexpress/token_pattern.rs:12	concrete Java `class` (0 in-repo subclass(es))
ToolEventName	struct	trait	R9-open-interface	interface	ghidra-rs/src/framework/plugintool/tool_event_name.rs:10	Java `interface` with 1 abstract method(s), 0 in-repo implementor(s)
TraceConflictedMappingException	trait	error	R5-exception	class	ghidra-rs/src/trace/model/modules/trace_conflicted_mapping_exception.rs:20	extends/names a Java throwable (RuntimeException)
TraceObjectInfo	struct	trait	R9-open-interface	interface	ghidra-rs/src/trace/model/target/info/trace_object_info.rs:10	Java `interface` with 4 abstract method(s), 0 in-repo implementor(s)
TransientProjectData	trait	struct	R14-concrete-class	class	ghidra-rs/src/framework/protocol/ghidra/transient_project_data.rs:41	concrete Java `class` (0 in-repo subclass(es))
TreeManager	trait	struct	R14-concrete-class	class	ghidra-rs/src/program/database/module/tree_manager.rs:64	concrete Java `class` (0 in-repo subclass(es))
Undefined1DataType	trait	struct	R14-concrete-class	class	ghidra-rs/src/program/model/data/undefined1_data_type.rs:66	concrete Java `class` (0 in-repo subclass(es))
UndefinedFunction	trait	struct	R14-concrete-class	class	ghidra-rs/src/util/undefined_function.rs:156	concrete Java `class` (0 in-repo subclass(es))
UniqueSpace	trait	struct	R14-concrete-class	class	ghidra-rs/src/decompiler/space/unique_space.rs:14	concrete Java `class` (0 in-repo subclass(es))
UnsupportedMapDB	trait	struct	R14-concrete-class	class	ghidra-rs/src/program/database/properties/unsupported_map_db.rs:37	concrete Java `class` (0 in-repo subclass(es))
ValueStoragePage	trait	struct	R14-concrete-class	class	ghidra-rs/src/util/map/value_storage_page.rs:19	concrete Java `class` (0 in-repo subclass(es))
VarKeyInteriorNode	trait	struct	R14-concrete-class	class	ghidra-rs/src/framework/db/var_key_interior_node.rs:19	concrete Java `class` (0 in-repo subclass(es))
VariableOffset	trait	struct	R14-concrete-class	class	ghidra-rs/src/program/model/listing/variable_offset.rs:54	concrete Java `class` (0 in-repo subclass(es))
VariableStorage	trait	struct	R14-concrete-class	class	ghidra-rs/src/program/model/listing/variable_storage.rs:62	concrete Java `class` (1 in-repo subclass(es))
VariableUtilities	trait	struct	R14-concrete-class	class	ghidra-rs/src/program/model/listing/variable_utilities.rs:46	concrete Java `class` (0 in-repo subclass(es))
Vertex	trait	struct	R14-concrete-class	class	ghidra-rs/src/util/graph/vertex.rs:21	concrete Java `class` (0 in-repo subclass(es))
WordDataType	trait	struct	R14-concrete-class	class	ghidra-rs/src/program/model/data/word_data_type.rs:27	concrete Java `class` (0 in-repo subclass(es))
