ts	stub_class	referenced_by
2026-07-05T11:59:50Z	RefType	Data
2026-07-05T11:59:50Z	Reference	Data
2026-07-05T12:10:00Z	DataTypePath	DataType
2026-07-05T12:20:00Z	Transaction	DataTypeManager
2026-07-06T00:10:00Z	GenericCallingConvention	FunctionDefinition
2026-07-06T00:59:57Z	RegisterValue	ProgramContext
2026-07-06T01:10:00Z	StackFrame	Function
2026-07-06T01:10:00Z	VariableFilter	Function
2026-07-05T12:30:00Z	InstructionContext	Instruction
2026-07-05T12:30:00Z	FlowOverride	Instruction
2026-07-06T01:30:57Z	CodeUnitIterator	Listing
2026-07-06T01:30:57Z	InstructionIterator	Listing
2026-07-06T01:30:57Z	DataIterator	Listing
2026-07-06T01:30:57Z	FunctionIterator	Listing
2026-07-06T01:30:57Z	InstructionSet	Listing
2026-07-06T01:30:57Z	CommentHistory	Listing
2026-07-06T01:30:57Z	CodeUnitComments	Listing
2026-07-06T00:02:19Z	GroupPath	Group
2026-07-06T02:00:00Z	StringSettingsDefinition	Settings
2026-07-06T03:00:00Z	CompilerSpecID	ProgramArchitecture
2026-07-06T03:00:00Z	LanguageCompilerSpecPair	ProgramArchitecture
2026-07-06T04:00:00Z	DomainObjectClosedListener	DomainObject
2026-07-06T04:00:00Z	DomainObjectFileListener	DomainObject
2026-07-06T05:00:00Z	Version	DomainFile
2026-07-06T05:00:00Z	ItemCheckoutStatus	DomainFile
2026-07-11T00:00:00Z	LinkedGhidraFolder	LinkFileInfo
2026-07-11T00:00:00Z	LinkStatus	LinkFileInfo
2026-07-06T06:00:00Z	ParserContext	InstructionPrototype
2026-07-06T06:00:00Z	Mask	InstructionPrototype
2026-07-07T00:00:00Z	ComponentProvider	ActionContext
2026-07-07T00:00:00Z	ActionContextProvider	ActionContext
2026-07-07T00:00:00Z	MouseEvent	ActionContext
2026-07-07T00:00:00Z	Component	ActionContext
2026-07-07T00:00:00Z	InjectContext	InjectPayload
2026-07-07T00:00:00Z	PcodeInjectLibrary	CompilerSpec
2026-07-07T01:00:00Z	OptionType	Options
2026-07-07T01:00:00Z	PropertyEditor	Options
2026-07-07T01:00:00Z	OptionsEditor	Options
2026-07-07T01:00:00Z	HelpLocation	Options
2026-07-07T01:00:00Z	ActionTrigger	Options
2026-07-07T01:00:00Z	Color	Options
2026-07-07T01:00:00Z	Font	Options
2026-07-07T01:00:00Z	KeyStroke	Options
2026-07-07T02:00:00Z	HelpDescriptor	DockingActionIf
2026-07-07T02:00:00Z	PropertyChangeListener	DockingActionIf
2026-07-07T02:00:00Z	MenuData	DockingActionIf
2026-07-07T02:00:00Z	ToolBarData	DockingActionIf
2026-07-07T02:00:00Z	KeyBindingData	DockingActionIf
2026-07-07T02:00:00Z	KeyBindingType	DockingActionIf
2026-07-07T02:00:00Z	JButton	DockingActionIf
2026-07-07T02:00:00Z	JMenuItem	DockingActionIf
2026-07-07T02:00:00Z	KeyStroke	DockingActionIf
2026-07-07T03:00:00Z	LinkHandler	DomainFolder
2026-07-07T04:00:00Z	Processor	Language
2026-07-07T04:00:00Z	AddressLabelInfo	Language
2026-07-07T05:00:00Z	TraceBookmarkManager	Trace
2026-07-07T05:00:00Z	TraceBasedDataTypeManager	Trace
2026-07-07T05:00:00Z	TraceRegisterContextManager	Trace
2026-07-08T00:00:00Z	Task	TrackedTaskListener
2026-07-08T00:00:00Z	DomainObjectChangedEvent	DomainObjectListener
2026-07-08T19:15:00Z	Location	Issue
2026-07-08T20:00:00Z	DomainFolderFilter	DomainFileFilter
2026-07-08T21:00:00Z	ToolIconURL	ToolTemplate
2026-07-08T21:00:00Z	ImageIcon	ToolTemplate
2026-07-08T21:00:00Z	JdomElement	ToolTemplate
2026-07-08T21:00:00Z	PluginTool	ToolTemplate
2026-07-08T22:00:00Z	LanguageNotFoundException	LanguageProvider
2026-07-08T23:30:00Z	RepositoryAdapter	ProjectManager
2026-07-08T23:30:00Z	ToolChest	ProjectManager
2026-07-08T23:45:00Z	ToolAssociationInfo	ToolServices
2026-07-08T23:50:00Z	PrototypePieces	ParamList
2026-07-08T23:50:00Z	ParameterPieces	ParamList
2026-07-09T00:00:00Z	ToolOptions	EclipseIntegrationService
2026-07-09T01:00:00Z	MessageLog	Analyzer
2026-07-09T23:23:00Z	ByteMappingScheme	MemoryBlockSourceInfo
2026-07-09T23:24:00Z	FunctionComparisonModel	FunctionComparisonService
2026-07-09T23:24:00Z	FunctionComparisonPanel	FunctionComparisonService
2026-07-09T23:36:00Z	ControlMode	DebuggerControlService
2026-07-10T10:22:43Z	Guid	PdbByteReader
2026-07-10T10:22:43Z	AbstractPdb	PdbByteReader
2026-07-10T10:22:43Z	PdbReaderOptions	PdbByteReader
2026-07-10T10:30:00Z	AutoMapSpec	DebuggerAutoMappingService
2026-07-10T00:00:00Z	TraceRmiLaunchOffer	TraceRmiLauncherService
2026-07-10T00:00:00Z	ListingMarginProvider	ListingMarginProviderService
2026-07-10T11:00:00Z	RecordNumber	MsType
2026-07-10T00:00:00Z	DebuggerPlatformMapper	DebuggerPlatformService
2026-07-10T00:00:00Z	Target	DebuggerTargetService
2026-07-10T00:00:00Z	TargetPublicationListener	DebuggerTargetService
2026-07-10T00:00:00Z	FormatManager	CodeFormatService
2026-07-10T00:00:00Z	Archive	DataTypeArchiveService
2026-07-10T00:00:00Z	Navigatable	MemorySearchService
2026-07-10T00:00:00Z	SearchSettings	MemorySearchService
2026-07-10T00:00:00Z	ViewProviderService	ViewManagerService
2026-07-10T00:00:00Z	MonitorReceiver	ProgressService
2026-07-10T00:00:00Z	ProgressListener	ProgressService
2026-07-10T00:00:00Z	Task	ProgressService
2026-07-10T12:30:00Z	DefaultTraceRmiAcceptor	InternalTraceRmiService
2026-07-10T12:30:00Z	TraceRmiHandler	InternalTraceRmiService
2026-07-11T00:00:00Z	TraceRmiConnection	TraceRmiService
2026-07-11T00:00:00Z	TraceRmiAcceptor	TraceRmiService
2026-07-11T00:00:00Z	TraceRmiServiceListener	TraceRmiService
2026-07-10T13:00:00Z	TraceSchedule	DebuggerEmulationService
2026-07-10T13:00:00Z	Writer	DebuggerEmulationService
2026-07-10T13:00:00Z	RunResult	DebuggerEmulationService
2026-07-10T13:15:00Z	GoToOverrideService	GoToService
2026-07-11T00:00:00Z	PatternExpression	PatternValue
2026-07-11T00:00:00Z	Pattern	TokenPattern
2026-07-11T00:00:00Z	TripleSymbol	SpecificSymbol
2026-07-11T00:00:00Z	VarnodeTpl	SpecificSymbol
2026-07-11T00:00:00Z	LanguageCompilerSpecQuery	LanguageService
2026-07-11T00:00:00Z	ExternalLanguageCompilerSpecQuery	LanguageService
2026-07-11T12:00:00Z	SaveState	Project
2026-07-11T13:00:00Z	GraphDisplayProvider	GraphDisplayBroker
2026-07-11T13:00:00Z	GraphDisplay	GraphDisplayBroker
2026-07-11T14:00:00Z	DebuggerAddressTranslator	DebuggerStaticMappingService
2026-07-11T14:00:00Z	MapEntry	DebuggerStaticMappingService
2026-07-11T14:00:00Z	ModuleMapEntry	DebuggerStaticMappingService
2026-07-11T14:00:00Z	SectionMapEntry	DebuggerStaticMappingService
2026-07-11T14:00:00Z	RegionMapEntry	DebuggerStaticMappingService
2026-07-11T14:00:00Z	ModuleMapProposal	DebuggerStaticMappingService
2026-07-11T14:00:00Z	SectionMapProposal	DebuggerStaticMappingService
2026-07-11T14:00:00Z	RegionMapProposal	DebuggerStaticMappingService
2026-08-06T02:12:23.848915+00:00	TraceOverlappedRegionException	TraceMemoryRegion
2026-07-11T15:30:00Z	TreePath	DataTypeManagerService
2026-07-17T00:00:00Z	ValueSymbol	ContextSymbol
2026-07-17T20:30:00Z	BasicSpaceProvider	Translate
2026-07-17T20:30:00Z	RangeList	Translate
2026-07-18T12:04:32Z	ValueMapLike	LongIteratorImpl
2026-07-18T00:00:00Z	WeakSet	WeakDataStructureFactory
2026-07-18T00:00:00Z	GraphIteratorLike	KeyIndexableSet
2026-07-18T00:00:00Z	AttributeLike	AttributeManager
2026-07-18T22:35:00Z	IntegerAttributeLike	DirectedGraph
2026-07-18T22:35:00Z	VertexSetLike	DirectedGraph
2026-07-18T23:00:00Z	Architecture	Platform
2026-07-18T23:15:00Z	GProperties	CustomOption
2026-07-18T23:45:00Z	ToolOptions	OptionsChangeListener
2026-07-18T23:45:00Z	OptionsVetoException	OptionsChangeListener
2026-07-19T00:10:00Z	WordLocationLike	StringUtilities
2026-07-19T00:30:00Z	BufferFileBlock	InputBlockStream
2026-07-19T01:15:00Z	LocalBufferFileLike	ChangeMapFile
2026-07-19T03:00:00Z	LongKeyNode	LongKeyRecordNode
2026-07-19T03:00:00Z	LongKeyInteriorNode	LongKeyRecordNode
2026-07-19T04:00:00Z	TwoWayBreakdownFactory	AddressRangeIterators
2026-07-19T04:00:00Z	UnionAddressRangeIteratorFactory	AddressRangeIterators
2026-07-19T05:00:00Z	VersionedDatabase	VersionedDBListener
2026-07-19T06:00:00Z	CheckoutType	LocalFolderItem
2026-07-20T00:00:00Z	TempDatabaseCleaner	FileSystemInitializer
2026-07-20T00:00:00Z	RepositoryItem	RepositoryHandle
2026-07-20T00:15:00Z	AuthCallback	GhidraServerHandle
2026-07-20T01:00:00Z	ApplicationPropertiesLike	ApplicationUtilities
2026-07-20T01:00:00Z	ApplicationIdentifierLike	ApplicationUtilities
2026-07-20T02:00:00Z	ApplicationLayoutLike	GenericRunInfo
2026-07-20T02:00:00Z	ApplicationLike	GenericRunInfo
2026-07-20T02:00:00Z	LegacyUserSettingsLocator	GenericRunInfo
2026-07-20T02:00:00Z	PreferencesLike	GenericRunInfo
2026-07-20T00:00:00Z	FixedKeyInteriorNodeLike	FixedKeyRecordNode
2026-07-20T03:30:00Z	CharsetSettingsDefinition	CharDataType
2026-07-20T04:00:00Z	GhidraFileChooserModelLike	GhidraFileFilter
2026-07-20T07:36:42Z	ProgramOverlayAddressSpace	ProgramAddressFactory
2026-07-20T09:00:00Z	FlowType	CodeBlockReference
2026-07-20T09:30:00Z	SignedDWordDataType	DWordDataType
2026-07-20T10:00:00Z	UnsignedIntegerDataType	IntegerDataType
2026-07-20T10:30:00Z	PointerType	PointerTypedefBuilder
2026-07-20T11:00:00Z	FloatFormat	BigFloat
2026-07-20T12:30:00Z	FloatFormat	AbstractFloatDataType
2026-07-20T12:00:00Z	SignedWordDataType	WordDataType
2026-07-20T13:00:00Z	UnsignedShortDataType	ShortDataType
2026-07-20T14:00:00Z	PcodeBlock	BlockGraph
2026-07-20T14:00:00Z	BlockCopy	BlockGraph
2026-07-20T15:00:00Z	PcodeBlock	BlockMap
2026-07-20T15:00:00Z	BlockGoto	BlockMap
2026-07-20T15:00:00Z	BlockIfGoto	BlockMap
2026-07-20T15:00:00Z	BlockMultiGoto	BlockMap
2026-07-20T16:00:00Z	PcodeOpAst	PcodeBlockBasic
2026-07-20T16:30:00Z	UInt16TDataType	Int16TDataType
2026-07-20T22:15:00Z	UInt64TDataType	Int64TDataType
2026-07-20T23:00:00Z	UInt8TDataType	Int8TDataType
2026-07-20T23:30:00Z	UnsignedInteger16DataType	Integer16DataType
2026-07-20T23:45:00Z	UnsignedInteger3DataType	Integer3DataType
2026-07-20T23:50:00Z	UnsignedInteger5DataType	Integer5DataType
2026-07-20T23:55:00Z	UnsignedInteger6DataType	Integer6DataType
2026-07-20T23:56:00Z	UnsignedInteger7DataType	Integer7DataType
2026-07-20T23:58:00Z	UnsignedLongDataType	LongDataType
2026-07-20T23:59:00Z	UnsignedLongLongDataType	LongLongDataType
2026-07-21T00:01:00Z	SignedQWordDataType	QWordDataType
2026-07-21T00:05:00Z	PropertyChangeEvent	WorkspaceChangeListener
2026-07-21T00:10:00Z	SwingExecutorServiceLike	AsyncUtils
2026-07-21T03:20:18Z	AsyncReferenceLike	AutoConfigState
2026-07-21T03:25:00Z	PluginLike	PluginInstaller
2026-07-20T23:55:00Z	CircularServiceALike	CircularPluginA
2026-07-21T04:02:03Z	PluginPackageLike	DefaultPluginPackagingProvider
2026-07-21T04:02:03Z	PluginDescriptionLike	DefaultPluginPackagingProvider
2026-07-21T05:00:00Z	UserManagerLike	AuthenticationModule
2026-07-21T05:30:00Z	KeyManagerFactoryLike	DefaultSSLContextInitializer
2026-07-21T05:30:00Z	TrustManagerFactoryLike	DefaultSSLContextInitializer
2026-07-21T05:30:00Z	HttpClientsLike	DefaultSSLContextInitializer
2026-07-21T04:37:31Z	RemoteBlockStreamHandleLike	BlockStreamServer
2026-07-21T06:00:00Z	RepositoryFolderLike	RepositoryFile
2026-07-21T04:57:17Z	RepositoryLike	RepositoryHandleImpl
2026-07-21T05:04:41Z	RepositoryManagerLike	RepositoryServerHandleImpl
2026-07-21T00:00:00Z	TransientProjectManagerLike	TransientProjectData
2026-07-21T06:30:00Z	GhidraFileDataLike	GhidraFolderData
2026-07-22T02:50:37Z	GhidraURLWrappedContentLike	GhidraURLConnection
2026-07-21T03:16:26Z	GhidraUrlHandlerLike	GhidraURL
2026-07-21T07:00:00Z	AutoServiceListenerLike	AutoService
2026-07-21T07:00:00Z	PluginTool	AutoService
2026-07-21T07:00:00Z	PluginLike	AutoService
2026-07-22T00:00:00Z	UInt32TDataType	Int32TDataType
2026-07-22T00:00:00Z	UnsignedPointerSizedIntegerDataType	PointerSizedIntegerDataType
2026-07-22T00:00:00Z	InstructionErrorType	InstructionBlock
2026-07-22T00:00:00Z	InstructionError	InstructionBlock
2026-07-22T00:00:00Z	InstructionBlockFlow	InstructionBlock
2026-07-22T00:00:00Z	HighSymbol	GlobalSymbolMap
2026-07-22T05:20:07Z	ConstructState	ContextSet
2026-07-22T06:00:00Z	SubtableSymbol	SleighCompile
2026-07-22T06:00:00Z	TokenSymbol	SleighCompile
2026-07-22T06:00:00Z	Constructor	SleighCompile
2026-07-22T07:00:00Z	ParamListStandardLike	AssignAction
2026-07-22T06:21:33Z	ParamListStandardLike	ParamListStandardOut
2026-07-22T06:21:33Z	VoidDataType.isVoidDataType	ParamListStandardOut
2026-07-22T06:28:30Z	GFileSystemLike	GFileSystemFactory
2026-07-22T06:38:48Z	FileAttributeTypeLike	FileAttribute
2026-07-22T09:15:00Z	FsrlRootLike	GFileSystem
2026-07-22T09:15:00Z	FileSystemRefManagerLike	GFileSystem
2026-07-22T09:15:00Z	FileAttributesLike	GFileSystem
2026-07-22T10:00:00Z	FileSystemRefLike	FileSystemRefManager
2026-07-22T11:00:00Z	FileSystemServiceLike	GFileSystemFactoryByteProvider
2026-07-22T12:00:00Z	SelectFromListDialogLike	FileSystemProbeConflictResolver
2026-07-22T13:00:00Z	FsrlLike	CryptoSession
2026-07-22T07:49:33Z	CachedFsrlLike	CachedPasswordProvider
2026-07-22T00:00:00Z	LocalFileSystemLike	FileSystemService
2026-07-22T00:00:00Z	FileCacheEntryLike	FileSystemService
2026-07-22T00:00:00Z	FileCacheEntryBuilderLike	FileSystemService
2026-07-22T14:00:00Z	FsrlRootLike	FSRL
2026-07-22T00:00:00Z	ByteProviderLike	Loader
2026-07-22T00:00:00Z	OptionLike	Loader
2026-07-22T00:00:00Z	LoadSpecLike	Loader
2026-07-22T00:00:00Z	LoadResultsLike	Loader
2026-07-22T00:00:00Z	ProjectLockLike	DefaultProjectData
2026-07-22T09:00:00Z	PluginTool	Plugin
2026-07-22T00:00:00Z	InstructionIterator.has_next	StructureFactory
2026-07-22T00:00:00Z	ModelRuleLike	ParamListStandard
2026-07-22T15:00:00Z	DataTypeInfoLike	CompositeDataTypeElementInfo
2026-07-22T16:00:00Z	AddressKeyIteratorLike	PropertyMapDB
2026-07-22T17:00:00Z	AddressCorrelationRangeLike	AddressCorrelation
2026-07-23T00:00:00Z	ExpressionValueLike	ExpressionEvaluator
2026-07-23T00:00:00Z	ExpressionException	ExpressionEvaluator
2026-07-23T00:00:00Z	OffsetFieldType	OffsetFieldLocation
2026-07-23T00:00:00Z	PseudoInstructionLike	PseudoFlowProcessor
2026-07-23T00:00:00Z	VarnodeContext	SymbolicPropogator
2026-07-23T00:00:00Z	OldLanguageFactory	LanguageVersionException
2026-07-23T00:00:00Z	LanguageTranslatorFactory	LanguageVersionException
2026-07-23T00:00:00Z	TripleSymbol	SleighParserContext
2026-07-23T00:00:00Z	LocalSymbolMap	HighFunctionDBUtil
2026-07-23T00:00:00Z	DataTypeSymbol	HighFunctionDBUtil
2026-07-23T00:00:00Z	DynamicEntry	HighFunctionDBUtil
2026-07-23T00:00:00Z	UnionFacetSymbol	HighFunctionDBUtil
2026-07-23T00:00:00Z	ParameterImpl	HighFunctionDBUtil
2026-07-23T00:00:00Z	ReturnParameterImpl	HighFunctionDBUtil
2026-07-23T00:00:00Z	LocalVariableImpl	HighFunctionDBUtil
2026-07-23T00:00:00Z	VariableUtilities	HighFunctionDBUtil
2026-07-23T00:00:00Z	Undefined	HighFunctionDBUtil
2026-07-23T18:00:00Z	HighSymbol	HighConstant
2026-07-23T18:00:00Z	LocalSymbolMap	HighConstant
2026-07-23T20:00:00Z	ConstructState	OpTplWalker
2026-07-23T21:00:00Z	ParamMeasure	HighParamID
2026-07-23T22:00:00Z	AddressXML	ParamEntry
2026-07-23T23:00:00Z	ProjectDataTypeManager	DataTypeArchiveDB
2026-07-23T23:05:00Z	DataTypeArchiveDbChangeSet	DataTypeArchiveDB
2026-07-24T00:00:00Z	LibrarySymbol	LibraryDB
2026-07-24T00:05:00Z	NamespaceManager	LibraryDB
2026-07-24T00:10:00Z	NamespaceSymbol	NamespaceDB
2026-07-24T00:15:00Z	PrototypeManagerProgram	PrototypeManager
2026-07-24T01:00:00Z	ModuleDB	ModuleManager
2026-07-24T01:00:00Z	FragmentDB	ModuleManager
2026-07-24T02:00:00Z	FunctionTagManagerProgram	FunctionTagManagerDB
2026-07-24T03:00:00Z	HighSymbol	HighCodeSymbol
2026-07-24T04:00:00Z	MetaDataType	NoisyStructureBuilder
2026-07-24T06:00:00Z	ExternalManagerDb	ExternalLocationDB
2026-07-25T00:00:00Z	VariableSymbolDb	FunctionDB
2026-07-25T01:00:00Z	JumpTable	HighFunction
2026-07-25T02:00:00Z	DomainObjectMergeManager	GhidraProgramMultiUserMergeManagerFactory
2026-07-25T05:01:01Z	SortedListPlaceholder	ValueSortedMap
2026-07-25T06:00:00Z	GraphNavigatorSeam	GraphAlgorithms
2026-07-25T06:05:00Z	TimeoutTaskMonitorSeam	GraphAlgorithms
2026-07-25T07:00:00Z	DataTypeManagerDb	ArrayDB
2026-07-25T08:00:00Z	GhidraApplicationLayout	DataTypeArchiveIdDumper
2026-07-25T08:00:00Z	GhidraLaunchable	DataTypeArchiveIdDumper
2026-07-25T08:34:12Z	Navigatable(grown)	NavigatableActionContext
2026-07-26T09:00:00Z	DataTypeInstance	CountedDynamicDataType
2026-07-26T09:05:00Z	ReadOnlyDataTypeComponent	CountedDynamicDataType
2026-07-26T09:10:00Z	MemBuffer(grown)	CountedDynamicDataType
2026-07-27T03:58:08Z	RegisterValueBuilder	ContextCache
2026-07-27T04:50:34Z	SourceLanguageId	SourceLanguage
2026-07-27T06:00:00Z	OldFunctionMapDB	OldFunctionManager
2026-07-27T13:00:00Z	ConstructorTraversal	SleighLanguages
2026-07-27T13:00:00Z	SubtableTraversal	SleighLanguages
2026-07-27T13:00:00Z	PcodeTraversal	SleighLanguages
2026-07-27T14:00:00Z	AssemblyNonTerminal	AssemblyGrammar
2026-07-27T14:00:00Z	AssemblyProduction	AssemblyGrammar
2026-07-27T14:00:00Z	Constructor	AssemblyGrammar
2026-07-27T14:00:00Z	AssemblyConstructorSemantic	AssemblyGrammar
2026-07-27T16:00:00Z	AssemblySymbol	AssemblyTerminal
2026-07-27T16:00:00Z	AssemblyNumericSymbols	AssemblyTerminal
2026-07-27T18:00:00Z	AssemblyExtendedProduction	AssemblyExtendedGrammar
2026-07-27T07:48:45Z	AssemblyNumericSymbols	AssemblyNumericTerminal
2026-07-27T08:24:55Z	AssemblyParseTreeNode	AssemblyParseBranch
2026-07-27T08:24:55Z	AssemblyProduction	AssemblyParseBranch
2026-07-27T08:24:55Z	AssemblyConstructorSemantic	AssemblyParseBranch
2026-07-27T21:00:00Z	BinaryExpressionMatcher	ExpressionMatcher
2026-07-27T21:00:00Z	ConstantValueMatcher	ExpressionMatcher
2026-07-27T21:00:00Z	AnyMatcher	ExpressionMatcher
2026-07-27T21:00:00Z	OperandValueMatcher	ExpressionMatcher
2026-07-27T21:00:00Z	FieldSizeMatcher	ExpressionMatcher
2026-07-27T21:00:00Z	UnaryExpressionMatcher	ExpressionMatcher
2026-07-27T22:00:00Z	AssemblyPatternBlock	AssemblySelector
2026-07-27T22:00:00Z	AssemblyResolutionResults	AssemblySelector
2026-07-27T22:00:00Z	AssemblySyntaxException	AssemblySelector
2026-07-28T02:53:27Z	SleighAssembler	SleighAssemblerBuilder
2026-07-28T03:15:21Z	OperandSymbol	AbstractAssemblyTreeResolver
2026-07-28T03:15:21Z	AssemblyContextGraph	AbstractAssemblyTreeResolver
2026-07-28T03:15:21Z	AbstractAssemblyStateGenerator	AbstractAssemblyTreeResolver
2026-07-28T04:00:00Z	MaskedLong	AbstractBinaryExpressionSolver
2026-07-28T04:39:51Z	PcodeInjectLibrary(grown)	InstructionPcodeOverride
2026-07-28T04:59:16Z	GenericCallingConvention(grown)	FunctionDefinitionDataType
2026-07-28T05:30:00Z	PointerTypeSettingsDefinition	PointerDataType
2026-07-28T05:30:00Z	Memory(grown)	PointerDataType
2026-07-28T05:30:00Z	Program(grown)	PointerDataType
2026-07-28T06:00:00Z	DumbMemBufferImpl	DataUtilities
2026-07-28T06:30:00Z	AlignedComponentPacker	AlignedStructurePacker
2026-07-28T06:30:00Z	DataOrganizationImpl.getAlignedOffset	AlignedStructurePacker
2026-07-28T07:00:00Z	BitFieldDataType	DataOrganizationImpl
2026-07-28T08:27:37Z	IsolatedEntrySubModelLike	UndefinedFunction
2026-07-28T08:27:37Z	FlowType(grown)	UndefinedFunction
2026-07-31T00:00:00Z	SignedByteDataType	ByteDataType
2026-07-31T00:00:00Z	AudioPlayer	AIFFDataType
2026-07-31T00:00:00Z	Symbol(grown)	SymbolUtilities
2026-07-31T00:00:00Z	SymbolTable(grown)	SymbolUtilities
2026-07-31T00:00:00Z	GModuleLike	Application
2026-07-31T00:00:00Z	ModuleUtilities(consts)	ExtensionDetails
2026-07-31T00:00:00Z	ExtensionUtils(consts)	ExtensionDetails
2026-07-31T00:00:00Z	ApplicationLayoutLike(grown)	ExtensionDetails
2026-08-01T00:00:00Z	ExtensionsLike	ExtensionUtils
2026-08-01T00:00:00Z	ApplicationLayoutLike(grown)	ExtensionUtils
2026-08-01T00:00:00Z	ApplicationModuleLike	GhidraJarBuilder
2026-08-01T04:50:15Z	CodeUnitFormatOptions	CodeUnitFormat
2026-08-01T04:50:15Z	NamespaceUtils	CodeUnitFormat
2026-08-01T04:50:15Z	CommentUtils	CodeUnitFormat
2026-08-01T07:36:08Z	C13ChecksumType	C13FileChecksum
2026-08-02T03:19:39Z	MdFragmentNameLike	MDReusableName
2026-08-02T03:19:39Z	MdTemplateNameAndArgumentsLike	MDReusableName
2026-08-02T00:00:00Z	MdQualifiedBasicNameLike	MDObjectCPP
2026-08-02T00:00:00Z	MdBasicNameLike	MDObjectCPP
2026-08-02T00:00:00Z	MdQualificationLike	MDObjectCPP
2026-08-02T00:00:00Z	MdStringLike	MDObjectCPP
2026-08-02T00:00:00Z	MdTypeInfoLike	MDObjectCPP
2026-08-02T00:00:00Z	MdNumberedNamespaceLike	MDQualifier
2026-08-02T03:40:00Z	MdTemplateNameAndArgumentsLike (extended)	MDBasicName
2026-08-02T03:40:00Z	MdSpecialNameLike	MDBasicName
2026-08-02T03:40:00Z	MdDataTypeLike	MDBasicName
2026-08-02T09:10:37Z	MdCvModLike	MDModifierType
2026-08-02T09:10:37Z	MdTypeLike	MDModifierType
2026-08-02T12:00:00Z	MdParsableItemLike	MDMangUtils
2026-08-02T12:00:00Z	MdComplexTypeLike	MDMangUtils
2026-08-02T12:00:00Z	MdQualifiedNameLike	MDMangUtils
2026-08-03T01:06:36Z	MsfFileReaderLike	Msf
2026-08-03T01:06:36Z	MsfStreamLike	Msf
2026-08-03T02:00:00Z	MdExceptionLike	MDMangGenericize
2026-08-03T02:00:00Z	MdMangObjectParserLike	MDMangGenericize
2026-08-03T02:30:00Z	MdDataTypeLike (extended)	MDComplexType
2026-08-03T02:30:00Z	MdMangLike (extended)	MDComplexType
2026-08-03T08:08:24Z	AbstractPdb (extended: get_type_record)	AbstractCobol0MsType
2026-08-04T07:34:05Z	AbstractMsSymbol	MsSymbolIterator
2026-08-04T12:00:00Z	PdbDebugInfo	GlobalReferenceIterator
2026-08-04T12:00:00Z	MsfStream consts (NIL_STREAM_NUMBER, MAX_STREAM_LENGTH)	GlobalReferenceIterator
2026-08-04T12:00:00Z	C11LinesLike	Module
2026-08-04T12:00:00Z	C13SectionLike	Module
2026-08-04T12:00:00Z	C13SectionIteratorLike	Module
2026-08-04T12:15:00Z	LocationTrackingSpec	DebuggerListing
2026-08-04T12:30:00Z	AutoReadMemorySpec	DebuggerListingService
2026-08-04T12:30:00Z	MultiBlendedListingBackgroundColorModel	DebuggerListingService
2026-08-04T12:30:00Z	CodeViewerService	DebuggerListingService
2026-08-04T12:30:00Z	ListingPanel	DebuggerListingService
2026-08-04T12:30:00Z	ProgramSelection	DebuggerListingService
2026-08-04T12:30:00Z	LitIdMode	DebuggerListingService
2026-08-05T02:10:12Z	ClipboardContentProviderService	ClipboardService
2026-08-05T03:18:11.597286+00:00	TraceAddressSnapSpace	ImmutableTraceAddressSnapRange
2026-08-05T05:00:00.000000+00:00	ObjectKey	TraceUniqueObject
2026-08-05T00:00:00.000000+00:00	TraceBookmarkType	TraceBookmark
2026-08-05T08:18:39.063694+00:00	TraceObjectSchema	SchemaContext
2026-08-05T09:45:00.000000+00:00	AttributeSchema	PrimitiveTraceObjectSchema
2026-08-05T08:57:48.874074+00:00	SchemaBuilder	DefaultSchemaContext
2026-08-07T02:16:00.602637+00:00	TraceSchedule	TraceTimeManager
2026-08-07T02:22:42.658470+00:00	TimeRadix	TraceTimeManager
2026-08-07T04:00:00+00:00	BackwardLongKeyIterator	DirectedLongKeyIterator
2026-08-07T04:00:00+00:00	ForwardLongKeyIterator	DirectedLongKeyIterator
2026-08-07T04:00:00+00:00	DirectedLongKeyIteratorFactory	DirectedLongKeyIterator
2026-08-06T00:00:00+00:00	BackwardRecordIterator	DirectedRecordIterator
2026-08-06T00:00:00+00:00	ForwardRecordIterator	DirectedRecordIterator
2026-08-06T00:00:00+00:00	DirectedRecordIteratorFactory	DirectedRecordIterator
2026-08-07T00:00:00+00:00	RecordIteratorDelete	AbstractDirectedRecordIterator
2026-08-07T04:10:07+00:00	DBFieldCodec	DBAnnotatedField
2026-08-07T00:00:00+00:00	DBCachedObjectStoreEntrySubSet	DBCachedObjectStoreEntrySet
2026-08-07T00:00:00+00:00	DBCachedObjectStoreKeySubSet	DBCachedObjectStoreKeySet
2026-08-07T04:37:11+00:00	DBCachedObjectStoreSubMap	DBCachedObjectStoreMap
2026-08-07T04:37:11+00:00	DBCachedObjectStoreValueCollection	DBCachedObjectStoreMap
2026-08-07T05:00:00+00:00	DBCachedObjectStore	DBAnnotatedObjectFactory
2026-08-07T04:45:34.730566+00:00	DBDomainObjectSupport	DBCachedDomainObjectAdapter
2026-08-07T00:00:00+00:00	DBCachedObjectStoreCore	DBAnnotatedObject
2026-08-07T05:06:25.268330+00:00	DBTraceObject	TraceObjectValueStorage
2026-08-07T05:06:25.269952+00:00	DBTraceObjectManager	TraceObjectValueStorage
2026-08-07T05:37:30.000000+00:00	TraceRegisterUtils	TraceSpaceMixin
2026-08-07T05:50:48.973361+00:00	Dimension	EuclideanHyperSpace
2026-08-07T06:34:55.957007+00:00	TraceObjectValueQuery	DBTraceObjectValueRStarTree
2026-08-07T07:20:04.910000+00:00	TraceAddressSnapRangeQuery	TraceAddressSnapRangePropertyMapOperations
2026-08-07T08:02:04.523619+00:00	AbstractDBTraceAddressSnapRangePropertyMapData	DBTraceAddressSnapRangePropertyMap
2026-08-07T09:15:00.000000+00:00	DBTraceAddressSnapRangePropertyMapSpace	DBTraceAddressSnapRangePropertyMapTree
2026-08-07T09:15:00.000000+00:00	DBTreeNodeRecord	DBTraceAddressSnapRangePropertyMapTree
2026-08-07T09:15:00.000000+00:00	DBTreeRecord	DBTraceAddressSnapRangePropertyMapTree
2026-08-08T01:00:59.943431+00:00	DBCachedObjectStore	DBCachedObjectIndex
2026-08-08T01:00:59.944839+00:00	DBIndexFieldCodec	DBCachedObjectIndex
2026-08-08T02:45:56.342199+00:00	Rectangle2DDirection	TraceReferenceOperations
2026-08-08T03:11:47.088490+00:00	DBTraceGuestLanguage	InternalTracePlatform
2026-08-08T04:00:00.000000+00:00	AbstractBaseDBTraceCodeUnitsView	AbstractSingleDBTraceCodeUnitsView
2026-08-08T03:59:16.976766+00:00	AbstractBaseDBTraceDefinedUnitsView	DBTraceDefinedUnitsView
2026-08-08T04:44:35.792999+00:00	DBTraceSettingsEntry	DBTraceDataSettingsOperations
2026-08-08T04:49:08.204185+00:00	DBTraceCodeUnitAdapter	DBTraceDataAdapter
2026-08-08T04:49:08.205010+00:00	DataAdapterFromDataType	DBTraceDataAdapter
2026-08-08T05:48:42.684975+00:00	DBTraceDefinedDataAdapter	DBTraceData
2026-08-08T06:00:00.000000+00:00	AbstractBaseDBTraceCodeUnitsView	AbstractBaseDBTraceCodeUnitsMemoryView
2026-08-08T06:00:00.000000+00:00	DBTraceCodeManager	AbstractBaseDBTraceCodeUnitsMemoryView
2026-08-08T06:00:00.000000+00:00	DBTraceUtils	AbstractBaseDBTraceCodeUnitsMemoryView
2026-08-08T06:28:19+00:00	DBTraceSymbolManager	DBTraceNamespaceSymbol
2026-08-08T07:00:00+00:00	DBTraceOverlaySpaceAdapter	AbstractDBTraceSymbol
2026-08-08T07:00:00+00:00	DBTraceProgramView	AbstractDBTraceSymbol
2026-08-08T08:15:00+00:00	DBTrace	AbstractDBTraceCodeUnit
2026-08-08T09:00:00+00:00	DBTraceCodeUnitsView	DBTraceCodeSpace
2026-08-08T09:00:00+00:00	DBTraceDataView	DBTraceCodeSpace
2026-08-08T09:00:00+00:00	DBTraceInstructionsView	DBTraceCodeSpace
2026-08-08T09:00:00+00:00	DBTraceDefinedDataView	DBTraceCodeSpace
2026-08-08T09:00:00+00:00	DBTraceUndefinedDataView	DBTraceCodeSpace
2026-08-08T10:00:00+00:00	TraceRegisterUtils	InternalTraceMemoryOperations
2026-08-08T10:00:00+00:00	RegisterValue	InternalTraceMemoryOperations
2026-08-08T11:00:00+00:00	DBTraceMemorySpace	DBTraceMemoryManager
2026-08-08T11:00:00+00:00	DBTrace	DBTraceMemoryManager
2026-08-08T11:00:00+00:00	DBTraceObjectManager	DBTraceMemoryManager
2026-08-08T11:00:00+00:00	DBTraceOverlaySpaceAdapter	DBTraceMemoryManager
2026-08-08T12:00:00+00:00	DBTraceRegisterContextSpace	DBTraceRegisterContextManager
2026-08-08T09:54:28+00:00	AbstractDBTracePropertyMap	DBTraceAddressPropertyManager
2026-08-08T13:45:28.282602+00:00	Emulate	OpBehaviorOther
2026-08-09T01:50:16.581223+00:00	Emulate	BreakTable
2026-08-09T01:50:16.581343+00:00	PcodeOpRaw	BreakTable
2026-08-09T02:51:08.910114+00:00	FixedSleighPcodeUseropDefinition	AbstractSleighPcodeUseropDefinition
2026-08-09T02:51:08.910349+00:00	OverloadedSleighPcodeUseropDefinition	AbstractSleighPcodeUseropDefinition
2026-08-09T03:02:53.728677+00:00	ValueLocation	LocationPcodeArithmetic
2026-08-08T23:28:25.000000+00:00	PseudoInstruction	InstructionDecoder
2026-08-08T23:28:25.000000+00:00	RegisterValue	InstructionDecoder
2026-08-09T05:10:00.000000+00:00	ComposedPcodeUseropLibrary	PcodeUseropLibrary
2026-08-09T06:00:00.000000+00:00	Emulate	EmulateInstructionStateModifier
2026-08-09T06:00:00.000000+00:00	RegisterValue	EmulateInstructionStateModifier
2026-08-09T05:55:29.611198+00:00	BytesPcodeArithmetic	AbstractBytesPcodeExecutorStatePiece
2026-08-09T06:31:24.372319+00:00	SparseAddressRangeMap	AbstractPcodeMachine
2026-08-09T06:31:24.372319+00:00	InterruptPcodeExecutionException	AbstractPcodeMachine
2026-08-09T06:31:24.372319+00:00	SleighProgramCompiler	AbstractPcodeMachine
2026-08-09T07:08:33+00:00	BytesPcodeExecutorState	PcodeEmulator
2026-08-09T07:36:04.698689870+00:00	FilteredMemoryState	Emulator
2026-08-09T07:36:04.698689870+00:00	MemoryAccessFilter	Emulator
2026-08-09T07:49:53.310315+00:00	StepKind	Stepper
2026-08-09T09:00:00.000000+00:00	PatchStep	Step
2026-08-09T09:00:00.000000+00:00	SkipStep	Step
2026-08-09T09:00:00.000000+00:00	TickStep	Step
2026-08-09T09:30:00+00:00	DBTraceSnapshot	DBTraceTimeManager
2026-08-09T09:30:00+00:00	DBTraceThreadManager	DBTraceTimeManager
2026-08-09T09:30:00+00:00	TimeRadixKind	DBTraceTimeManager
2026-08-09T09:30:00+00:00	TraceSchedule	DBTraceTimeManager
2026-08-09T09:30:00+00:00	TimeRadix	DBTraceTimeManager
2026-08-09T09:30:00+00:00	DBTrace	DBTraceTimeManager
2026-08-09T09:30:00+00:00	DBTraceObject	DBTraceTimeManager
2026-08-09T09:30:00+00:00	DBTraceObjectManager	DBTraceTimeManager
2026-08-10T01:25:52.544954+00:00	DefaultPcodeTraceThreadAccess	PcodeTraceAccess
2026-08-10T01:25:52.545120+00:00	PcodeTraceMemoryAccess	PcodeTraceAccess
2026-08-10T01:48:05.270314+00:00	PcodeTraceMemoryAccess	PcodeDebuggerMemoryAccess
2026-08-10T02:08:05.373048+00:00	PcodeOpRaw	BreakTableCallBack
2026-08-09T00:00:00.000000+00:00	PcodeInjectLibrary(grown)	PcodeProgram
2026-08-10T03:15:00.000000+00:00	SemisparseByteArray	BytesPcodeExecutorStateSpace
2026-08-10T04:31:06.962065+00:00	SuspendedPcodeExecutionException	DefaultPcodeThread
2026-08-10T04:31:06.962065+00:00	InjectionErrorPcodeExecutionException	DefaultPcodeThread
2026-08-10T04:31:06.962065+00:00	ProgramContextImpl	DefaultPcodeThread
2026-08-10T04:31:06.962065+00:00	RegisterValue	DefaultPcodeThread
2026-08-10T06:32:27.436344+00:00	TraceEvent	TypedEventDispatcher
2026-08-10T07:42:31.608240+00:00	LogicalBreakpoint	LogicalBreakpointsChangeListener
2026-08-10T08:12:00.000000+00:00	LogicalBreakpoint	DebuggerLogicalBreakpointService
2026-08-10T08:12:00.000000+00:00	LogicalBreakpointState	DebuggerLogicalBreakpointService
2026-08-10T08:12:00.000000+00:00	LogicalBreakpointMode	DebuggerLogicalBreakpointService
2026-08-10T08:12:00.000000+00:00	LogicalBreakpointConsistency	DebuggerLogicalBreakpointService
2026-08-10T12:00:00.000000+00:00	ListingActionContext	DataService
2026-08-10T08:18:22.801407+00:00	DataTypeReference	DataTypeReferenceFinder
2026-08-10T08:18:22.801657+00:00	FieldMatcher	DataTypeReferenceFinder
2026-08-10T08:24:21.297941+00:00	FieldMouseHandler	FieldMouseHandlerService
2026-08-10T10:00:00.000000+00:00	ListingOverviewProvider	ListingOverviewProviderService
2026-08-10T13:00:00.000000+00:00	StringValidatorQuery	StringValidatorService
2026-08-10T13:00:00.000000+00:00	PluginTool	StringValidatorService
2026-08-10T09:10:35.538706+00:00	LocationMemento	NavigationHistoryService
2026-08-10T09:11:48.502550+00:00	Layout	ListingModel
2026-08-10T09:18:02.614191+00:00	FieldFactory	ListingField
2026-08-10T09:18:02.614377+00:00	ProxyObj	ListingField
2026-08-10T09:18:02.614976+00:00	Field	ListingField
2026-08-10T09:18:02.615347+00:00	FieldLocation	ListingField
2026-08-10T09:25:00.000000+00:00	Highlight	ListingHighlightProvider
2026-08-10T09:25:00.000001+00:00	Color	ListingHighlightProvider
2026-08-10T14:00:00.000000+00:00	AttributedString	AnnotatedStringHandler
2026-08-10T14:00:00.000001+00:00	Navigatable	AnnotatedStringHandler
2026-08-10T15:00:00.000000+00:00	AttributedString	AddressAnnotatedStringHandler
2026-08-10T15:00:00.000001+00:00	Navigatable	AddressAnnotatedStringHandler
2026-08-10T15:00:00.000002+00:00	Color	AddressAnnotatedStringHandler
2026-08-10T15:00:00.000003+00:00	FontMetrics	AddressAnnotatedStringHandler
2026-08-10T15:00:00.000004+00:00	GoToOverrideService	AddressAnnotatedStringHandler
2026-08-10T09:49:57.739324+00:00	FieldFormatModel	FormatModelListener
2026-08-10T09:54:26.397220+00:00	ClangFunction	ClangTokenGroup
2026-08-11T01:06:52.190956+00:00	BlockSignature	DebugSignature
2026-08-11T01:06:52.191105+00:00	CopySignature	DebugSignature
2026-08-11T01:06:52.191244+00:00	VarnodeSignature	DebugSignature
2026-08-11T01:18:47.337577+00:00	CTokenHighlightMatcher	DecompilerHighlighter
2026-08-11T02:00:00.000000+00:00	DecompileResults	DecompilerLocation
2026-08-11T02:00:00.000001+00:00	HighFunction	DecompileResults
2026-08-11T02:00:00.000002+00:00	HighParamID	DecompileResults
2026-08-11T03:00:00.000000+00:00	DecompilerPanel	DecompilerMarginService
2026-08-11T03:00:00.000001+00:00	DecompilerMarginProvider	DecompilerMarginService
2026-08-11T04:00:00.000001+00:00	DecompilerUtils	PrettyPrinter
2026-08-11T06:00:00.000000+00:00	VTAssociation	VTAssociationManager
2026-08-11T06:00:00.000001+00:00	VTAssociation	AssociationHook
2026-08-11T06:00:00.000002+00:00	VTMarkupItem	AssociationHook
2026-08-11T02:24:27.086920+00:00	VTAssociation	VTSession
2026-08-11T02:24:27.087513+00:00	VTMatch	VTSession
2026-08-11T02:24:27.087777+00:00	VTMatchSet	VTSession
2026-08-11T02:24:27.088415+00:00	VTProgramCorrelator	VTSession
2026-08-11T06:15:00.000000+00:00	VTMatchInfo	VTMatchSet
2026-08-11T03:00:15.274089+00:00	VTOptions	VTProgramCorrelatorFactory
2026-08-10T00:00:00.000000+00:00	VTMatchTagDBAdapterV0	VTMatchTagDBAdapter
2026-08-10T00:00:00.000000+00:00	VTMatchInfo	VTMatchTableDBAdapter
2026-08-10T00:00:00.000000+00:00	VTMatchSetDB	VTMatchTableDBAdapter
2026-08-10T00:00:00.000000+00:00	VTMatchTagDB	VTMatchTableDBAdapter
2026-08-10T00:00:00.000000+00:00	VTMatchTableDBAdapterV0	VTMatchTableDBAdapter
2026-08-10T00:00:00.000000+00:00	VTMatchSetTableDBAdapterV0	VTMatchSetTableDBAdapter
2026-08-10T00:00:00.000000+00:00	VTAddressCorrelationAdapterV0	VTAddressCorrelatorAdapter
2026-08-10T00:00:00.000000+00:00	VTAssociationTableDBAdapterV0	VTAssociationTableDBAdapter
2026-08-11T04:00:00.000000+00:00	CheckoutDialog	VTSessionFileUtil
2026-08-11T04:15:00.000000+00:00	EolCommentMarkupType	VTMarkupTypeFactory
2026-08-11T04:15:01.000000+00:00	FunctionNameMarkupType	VTMarkupTypeFactory
2026-08-11T04:15:02.000000+00:00	FunctionSignatureMarkupType	VTMarkupTypeFactory
2026-08-11T04:15:03.000000+00:00	LabelMarkupType	VTMarkupTypeFactory
2026-08-11T04:15:04.000000+00:00	PlateCommentMarkupType	VTMarkupTypeFactory
2026-08-11T04:15:05.000000+00:00	PostCommentMarkupType	VTMarkupTypeFactory
2026-08-11T04:15:06.000000+00:00	PreCommentMarkupType	VTMarkupTypeFactory
2026-08-11T04:15:07.000000+00:00	RepeatableCommentMarkupType	VTMarkupTypeFactory
2026-08-11T04:15:08.000000+00:00	DataTypeMarkupType	VTMarkupTypeFactory
2026-08-11T00:00:00.000000+00:00	VTSessionDB	AssociationDatabaseManager
2026-08-11T00:00:00.000000+00:00	VTAssociationStatusException	AssociationDatabaseManager
2026-08-11T05:28:22.539461+00:00	MarkupItemStorageImpl	MarkupItemImpl
2026-08-11T06:11:40.231983+00:00	VTAssociation	VTMarkupItem
2026-08-11T06:11:40.463116+00:00	VTMarkupItemConsideredStatus	VTMarkupItem
2026-08-11T06:11:40.465881+00:00	Stringable	VTMarkupItem
2026-08-11T06:11:40.466803+00:00	ToolOptions	VTMarkupItem
2026-08-11T06:22:40.311562+00:00	VTAssociationStatusException	VTAssociation
2026-08-11T06:45:42.918367+00:00	Scope	SubScope
2026-08-11T07:11:01.949026+00:00	ChildScope	RootScope
2026-08-11T07:23:21.289031+00:00	MthDesc	Emitter
2026-08-11T07:23:21.289031+00:00	MthParam	Emitter
2026-08-11T07:23:21.289031+00:00	Def	Emitter
2026-08-11T07:23:21.289031+00:00	ObjDef	Emitter
2026-08-11T07:37:00.385784+00:00	Target	DebuggerCoordinates
2026-08-11T08:31:13.374333+00:00	MiniDFState	JitCallOtherOpIf
2026-08-11T09:50:00.600000+00:00	JitInputVar	JitPhiOp
2026-08-11T10:00:00.000000+00:00	JitOp::accept	JitOpVisitor
2026-08-11T10:00:00.100000+00:00	JitVal::accept_val	JitOpVisitor
2026-08-11T10:00:00.200000+00:00	JitVar::accept_var	JitOpVisitor
2026-08-11T10:00:00.300000+00:00	JitStoreOp	JitOpVisitor
2026-08-11T10:00:00.400000+00:00	JitLoadOp	JitOpVisitor
2026-08-11T10:00:00.500000+00:00	JitCallOtherOp	JitOpVisitor
2026-08-11T10:00:00.600000+00:00	JitCallOtherDefOp	JitOpVisitor
2026-08-11T10:00:00.700000+00:00	JitCallOtherMissingOp	JitOpVisitor
2026-08-11T10:00:00.800000+00:00	JitCatenateOp	JitOpVisitor
2026-08-11T10:00:00.900000+00:00	JitSynthSubPieceOp	JitOpVisitor
2026-08-11T10:00:01.000000+00:00	JitBranchOp	JitOpVisitor
2026-08-11T10:00:01.100000+00:00	JitCBranchOp	JitOpVisitor
2026-08-11T10:00:01.200000+00:00	JitBranchIndOp	JitOpVisitor
2026-08-11T10:00:01.300000+00:00	JitUnimplementedOp	JitOpVisitor
2026-08-11T10:00:01.400000+00:00	JitNopOp	JitOpVisitor
2026-08-11T10:00:01.500000+00:00	JitConstVal	JitOpVisitor
2026-08-12T03:40:49.477678+00:00	JitConstVal::size,value	JitVal
2026-08-11T10:00:01.600000+00:00	JitFailVal	JitOpVisitor
2026-08-11T10:00:01.700000+00:00	JitMissingVar	JitOpVisitor
2026-08-11T10:00:01.800000+00:00	JitIndirectMemoryVar	JitOpVisitor
2026-08-11T12:00:00.000000+00:00	NumericUtilities	DebuggerPcodeUtils
2026-08-11T12:00:00.100000+00:00	TraceMemoryStatePcodeArithmetic	DebuggerPcodeUtils
2026-08-11T12:00:00.200000+00:00	AddressesReadPcodeArithmetic	DebuggerPcodeUtils
2026-08-11T12:00:00.300000+00:00	ValueLocation	DebuggerPcodeUtils
2026-08-11T12:00:00.400000+00:00	BytesPcodeArithmetic	DebuggerPcodeUtils
2026-08-12T02:00:00.000000+00:00	JitStoreOp	JitOpUpwardVisitor
2026-08-12T02:00:00.100000+00:00	JitLoadOp	JitOpUpwardVisitor
2026-08-12T02:00:00.200000+00:00	JitCallOtherOp	JitOpUpwardVisitor
2026-08-12T02:00:00.300000+00:00	JitCallOtherDefOp	JitOpUpwardVisitor
2026-08-12T02:00:00.400000+00:00	JitCatenateOp	JitOpUpwardVisitor
2026-08-12T02:00:00.500000+00:00	JitSynthSubPieceOp	JitOpUpwardVisitor
2026-08-12T02:00:00.600000+00:00	JitCBranchOp	JitOpUpwardVisitor
2026-08-12T02:00:00.700000+00:00	JitBranchIndOp	JitOpUpwardVisitor
2026-08-12T02:00:00.800000+00:00	JitCodeGenerator	InstanceFieldReq
2026-08-12T02:00:00.900000+00:00	JitCompiledPassage	InstanceFieldReq
2026-08-12T03:00:00.100000+00:00	Opnd	MpAccessGen
2026-08-12T03:00:00.200000+00:00	OpndEm	MpAccessGen
2026-08-12T03:00:00.300000+00:00	Ext	MpAccessGen
2026-08-12T04:00:00.000000+00:00	FieldForArrDirect	IntAccessGen
2026-08-11T00:00:00.000000+00:00	FloatAccessGen	AccessGen
2026-08-11T00:00:00.100000+00:00	DoubleAccessGen	AccessGen
2026-08-11T00:00:00.200000+00:00	MpIntAccessGen	AccessGen
2026-08-12T05:00:00.100000+00:00	JitAnalysisContext	MemoryVarGen
2026-08-12T05:00:00.300000+00:00	StubMpOpnd	MemoryVarGen
2026-08-12T05:00:00.400000+00:00	JitCodeGenerator	MemoryVarGen
2026-08-12T05:00:00.500000+00:00	MpIntAccessGen	MemoryVarGen
2026-08-12T05:20:00.000000+00:00	OpGen	BinOpGen
2026-08-12T05:30:00.000000+00:00	JitAllocationModel	LocalVarGen
2026-08-12T05:40:00.000000+00:00	JitInputVar	InputVarGen
2026-08-12T05:50:00.000000+00:00	JitLocalOutVar	LocalOutVarGen
2026-08-12T03:35:03.646518+00:00	JitMemoryOutVar	MemoryOutVarGen
2026-08-12T05:40:00.000000+00:00	JitDataFlowModel	JitDataFlowArithmetic
2026-08-12T05:40:00.000000+00:00	OpBehaviorSubpiece	JitDataFlowArithmetic
2026-08-12T05:40:00.000000+00:00	jit_op_un_op	JitDataFlowArithmetic
2026-08-12T05:40:00.000000+00:00	jit_op_bin_op	JitDataFlowArithmetic
2026-08-12T05:40:00.000000+00:00	JitSynthSubPieceOp	JitDataFlowArithmetic
2026-08-12T05:40:00.000000+00:00	JitCatenateOp	JitDataFlowArithmetic
2026-08-12T05:40:00.000000+00:00	JitStoreOp	JitDataFlowArithmetic
2026-08-12T05:40:00.000000+00:00	JitLoadOp	JitDataFlowArithmetic
2026-08-12T05:40:00.000000+00:00	JitLocalOutVar	JitDataFlowArithmetic
2026-08-12T05:40:00.000000+00:00	JitMemoryOutVar	JitDataFlowArithmetic
2026-08-12T05:40:00.000000+00:00	JitVal	JitDataFlowArithmetic
2026-08-12T06:00:00.000000+00:00	JitAnalysisContext	JitDataFlowBlockAnalyzer
2026-08-12T06:00:00.000000+00:00	JitDataFlowModel	JitDataFlowBlockAnalyzer
2026-08-12T06:00:00.000000+00:00	JitDataFlowState	JitDataFlowBlockAnalyzer
2026-08-12T06:00:00.000000+00:00	JitDataFlowUseropLibrary	JitDataFlowBlockAnalyzer
2026-08-12T06:00:00.000000+00:00	JitDataFlowExecutor	JitDataFlowBlockAnalyzer
2026-08-12T06:00:00.000000+00:00	JitMissingVar	JitDataFlowBlockAnalyzer
2026-08-12T07:00:00.000000+00:00	JitDataFlowModel	JitVarScopeModel
2026-08-12T08:00:00.000000+00:00	ValGen	SubMemoryVarGen
2026-08-12T08:00:00.000000+00:00	JitCodeGenerator	SubMemoryVarGen
2026-08-12T09:00:00.000000+00:00	MpToStackConv	SubVarHandler
2026-08-12T10:00:00.000000+00:00	MpIntLocalOpnd	AlignedMpIntHandler
2026-08-12T10:00:00.000000+00:00	IntVarAlloc	AlignedMpIntHandler
2026-08-12T10:00:00.000000+00:00	IntInIntHandler	AlignedMpIntHandler
2026-08-12T10:00:00.000000+00:00	ShiftedMpIntHandler	AlignedMpIntHandler
2026-08-12T11:00:00.000000+00:00	JitCodeGenerator	IntBitwiseBinOpGen
2026-08-12T12:00:00.000000+00:00	JitCodeGenerator	IntOpUnOpGen
2026-08-12T12:00:00.000000+00:00	Scope	IntOpUnOpGen
2026-08-12T07:09:07.265814+00:00	IntZExtOpGen	CopyOpGen
2026-08-12T07:09:07.266008+00:00	JitCopyOp	CopyOpGen
2026-08-12T08:02:41.227524+00:00	JitCodeGenerator	IntShiftBinOpGen
2026-08-12T09:32:41.713885+00:00	JitDataFlowModel	JitTypeModel
2026-08-12T09:32:41.713885+00:00	JitOp	JitTypeModel
2026-08-12T10:08:50.449345+00:00	DecodePcodeExecutionException	JitPassageDecoder
2026-08-12T10:08:50.449345+00:00	JitPassage	JitPassageDecoder
2026-08-12T10:08:50.449345+00:00	DecoderForOnePassage	JitPassageDecoder
2026-08-12T10:08:50.449345+00:00	RegisterValue	JitPassageDecoder
2026-08-13T01:15:04.853356+00:00	Reachability	DecoderForOneStride
2026-08-13T01:15:04.853356+00:00	RExtBranch	DecoderForOneStride
2026-08-13T01:15:04.853356+00:00	DecodedStride	DecoderForOneStride
2026-08-13T01:36:15.038109+00:00	SBranch	DecoderExecutor
2026-08-13T01:36:15.038109+00:00	SExtBranch	DecoderExecutor
2026-08-13T01:36:15.038109+00:00	SIntBranch	DecoderExecutor
2026-08-13T01:36:15.038109+00:00	RIntBranch	DecoderExecutor
2026-08-13T01:36:15.038109+00:00	SIndBranch	DecoderExecutor
2026-08-13T01:36:15.038109+00:00	RIndBranch	DecoderExecutor
2026-08-13T01:36:15.038109+00:00	ErrBranch	DecoderExecutor
2026-08-13T01:36:15.038109+00:00	PBranch	DecoderExecutor
2026-08-13T02:20:00.000000+00:00	EntryPointPrototype	JitCompiledPassageClass
2026-08-13T02:24:22.568584+00:00	JitConfiguration	JitPcodeEmulator
2026-08-13T02:24:22.568691+00:00	JitDefaultBytesPcodeExecutorState	JitPcodeEmulator
2026-08-13T02:24:22.568800+00:00	MethodTooLargeException	JitPcodeEmulator
2026-08-13T03:10:00.000000+00:00	JitPassage	JitControlFlowModel
2026-08-12T00:00:00.000000+00:00	MethodVisitor	Misc
2026-08-12T00:00:00+00:00	EntryPoint	JitPcodeThread
2026-08-12T00:00:00+00:00	JitThreadBytesPcodeExecutorState	JitPcodeThread
2026-08-13T04:30:00.000000+00:00	JitPassage	JitAnalysisContext
2026-08-13T05:11:09.974899+00:00	TableRowMapper	ProgramLocationTableRowMapper
2026-08-13T05:11:09.974899+00:00	DynamicTableColumn	ProgramLocationTableRowMapper
2026-08-13T05:11:09.974899+00:00	MappedProgramLocationTableColumn	ProgramLocationTableRowMapper
2026-08-13T05:27:58.359525+00:00	DemangledTemplate	DemangledType
2026-08-13T05:27:58.359525+00:00	DemanglerUtil	DemangledType
2026-08-13T05:45:45.066188+00:00	NamespaceUtils	DemangledObject
2026-08-13T12:00:00.000000+00:00	VectorCompare	LSHVector
2026-08-13T05:53:59.926474+00:00	NTHeader	PeMarkupable
2026-08-13T05:53:59.926781+00:00	MessageLog	PeMarkupable
2026-08-13T06:01:48.424060+00:00	SegmentRelocation	Segment
2026-08-13T00:00:00.000000+00:00	EntryPoint	EntryTableBundle
2026-08-13T06:13:18.847704+00:00	Resource	ResourceTable
2026-08-13T06:13:18.848545+00:00	ResourceType	ResourceTable
2026-08-13T06:20:46.841129+00:00	EntryTable	WindowsHeader
2026-08-13T06:20:46.842285+00:00	InformationBlock	WindowsHeader
2026-08-13T06:20:46.844863+00:00	SegmentTable	WindowsHeader
2026-08-13T07:00:00.000000+00:00	RichHeaderUtils	CompId
2026-08-13T07:00:00.100000+00:00	RichProduct	CompId
2026-08-13T07:10:00.100000+00:00	RichHeaderRecord	RichTable
2026-08-13T07:10:00.200000+00:00	PERichTableDataType	RichTable
2026-08-13T07:04:16.713411+00:00	NewGuid	GuidUtil
2026-08-13T07:05:54.910955+00:00	PdbInfoCodeView	PdbInfo
2026-08-13T07:05:54.911201+00:00	PdbInfoDotNet	PdbInfo
2026-08-13T07:20:00.000000+00:00	PEx64UnwindInfoDataType	PEx64UnwindInfo
2026-08-13T07:20:00.100000+00:00	ImageRuntimeFunctionEntryX86	PEx64UnwindInfo
2026-08-13T07:27:41.921271+00:00	MessageLog	SourceLanguageDataArchive
2026-08-13T07:58:49.859211+00:00	DataTypeLocationDescriptor	GenericDataTypeLocationDescriptor
2026-08-13T07:58:49.859370+00:00	GenericDataTypeProgramLocation	GenericDataTypeLocationDescriptor
2026-08-13T07:58:49.860962+00:00	ReferenceUtils	GenericDataTypeLocationDescriptor
2026-08-13T08:14:16.597957+00:00	AbstractProgramBasedDynamicTableColumn	AbstractProgramLocationTableColumn
2026-08-13T08:19:01.563148+00:00	Option	OptionListener
2026-08-13T08:46:27.043624+00:00	MemoryByteProvider	ElfInfoItem
2026-08-13T08:47:45.517380+00:00	ElfHeader	ElfSymbol
2026-08-13T08:47:45.518061+00:00	ElfSectionHeader	ElfSymbol
2026-08-13T08:47:45.518262+00:00	ElfStringTable	ElfSymbol
2026-08-13T08:47:45.518672+00:00	ElfSymbolTable	ElfSymbol
2026-08-13T09:08:55.722518+00:00	ElfRelocation	ElfRelocationContext
2026-08-13T09:08:55.722519+00:00	ElfRelocationTable	ElfRelocationContext
2026-08-13T09:08:55.722520+00:00	ElfRelocationHandler	ElfRelocationContext
2026-08-13T09:10:14.379491+00:00	ElfSymbolNameUtils	AbstractElfRelocationHandler
2026-08-13T09:10:14.379491+00:00	ElfRelocationHandler	AbstractElfRelocationHandler
2026-08-13T09:25:12.000000+00:00	ElfProgramHeader	ElfLoadAdapter
2026-08-13T09:25:12.000000+00:00	ElfDynamicType	ElfLoadAdapter
2026-08-13T09:25:12.000000+00:00	ElfProgramHeaderType	ElfLoadAdapter
2026-08-13T09:25:12.000000+00:00	ElfSectionHeaderType	ElfLoadAdapter
2026-08-13T09:25:12.000000+00:00	ElfDefaultGotPltMarkup	ElfLoadAdapter
2026-08-13T09:25:12.000000+00:00	ElfLoaderOptionsFactory	ElfLoadAdapter
2026-08-13T09:25:12.000000+00:00	Option	ElfLoadAdapter
2026-08-13T09:57:08.000000+00:00	OptionUtils	ElfLoaderOptionsFactory
2026-08-13T09:57:08.000000+00:00	LoadSpec	ElfLoaderOptionsFactory
2026-08-13T09:57:08.000000+00:00	ElfHeader	ElfLoaderOptionsFactory
2026-08-13T09:57:08.000000+00:00	Option	ElfLoaderOptionsFactory
2026-08-13T21:20:41.494437+00:00	NTHeader	DebugCOFFSymbolTable
2026-08-13T21:20:41.495078+00:00	DebugCOFFSymbol	DebugCOFFSymbolTable
2026-08-13T21:20:41.495359+00:00	DebugDirectory	DebugCOFFSymbolsHeader
2026-08-13T21:20:41.495640+00:00	DebugCOFFSymbolAux	DebugCOFFSymbol
2026-08-13T21:20:41.495921+00:00	DebugCOFFLineNumber	DebugCOFFSymbolsHeader
2026-08-14T01:44:15.272197+00:00	CoffFileHeader	CoffRelocationHandler
2026-08-14T01:44:15.272363+00:00	CoffRelocation	CoffRelocationHandler
2026-08-14T02:12:32.79433469+00:00	QueryOpinionServiceHandler	QueryOpinionService
2026-08-14T02:12:32.79433469+00:00	QueryResult	QueryOpinionService
2026-08-14T02:34:47.025042+00:00	XmlMessageLog	DecompileDebugFormatManager
2026-08-14T02:34:47.025042+00:00	DecompileDebugProgramInfo	DecompileDebugFormatManager
2026-08-14T02:34:47.025042+00:00	DecompileDebugDataTypeManager	DecompileDebugFormatManager
2026-08-14T02:34:47.025042+00:00	DecompileDebugFunctionManager	DecompileDebugFormatManager
2026-08-14T02:34:47.025042+00:00	DecompileDebugByteManager	DecompileDebugFormatManager
2026-08-14T03:16:44.319315113+00:00	ProgramByteSource	ProgramMemorySearcher
2026-08-14T03:16:44.319315113+00:00	AddressableByteSequence	ProgramMemorySearcher
2026-08-14T03:43:03.088148+00:00	StringSearchFormat	SearchFormat
2026-08-14T03:43:03.087853+00:00	RegExSearchFormat	SearchFormat
2026-08-14T03:43:03.087670+00:00	HexSearchFormat	SearchFormat
2026-08-14T03:43:03.087438+00:00	FloatSearchFormat	SearchFormat
2026-08-14T03:43:03.087128+00:00	DecimalSearchFormat	SearchFormat
2026-08-14T03:43:03.086747+00:00	BinarySearchFormat	SearchFormat
2026-08-14T03:43:03.325072+00:00	UserInputByteMatcher	SearchFormat
2026-08-14T03:43:03.088702+00:00	SearchSettings	SearchFormat
2026-08-14T03:52:26.653036+00:00	SearchData	InvalidByteMatcher
2026-08-14T03:52:26.653310+00:00	UserInputByteMatcher	InvalidByteMatcher
2026-08-14T04:00:00.000000+00:00	FoundStringDefinedState	FoundString
2026-08-14T04:00:00.000000+00:00	FoundString	FoundStringCallback
2026-08-14T04:07:22.073932+00:00	Sequence	ByteStreamCharMatcher
2026-08-14T04:07:22.073932+00:00	AbstractStringDataType	Sequence
2026-08-14T04:12:03.518087+00:00	MachHeader	LoadCommand
2026-08-14T04:12:03.518696+00:00	SegmentCommand	LoadCommand
2026-08-14T04:12:03.522556+00:00	FlatProgramAPI	LoadCommand
2026-08-14T04:20:58.087917+00:00	CodeSignatureCodeDirectory	CodeSignatureBlobParser
2026-08-14T04:20:58.088126+00:00	CodeSignatureGenericBlob	CodeSignatureBlobParser
2026-08-14T04:20:58.088347+00:00	CodeSignatureSuperBlob	CodeSignatureBlobParser
2026-08-14T04:20:58.088500+00:00	CodeSignatureBlobIndex	CodeSignatureBlobParser
2026-08-14T04:20:58.088700+00:00	Program	CodeSignatureBlobParser
2026-08-14T05:00:00.000000+00:00	MachHeader	MachoRelocation
2026-08-14T05:00:00.000000+00:00	RelocationInfo	MachoRelocation
2026-08-14T05:00:00.000000+00:00	Section	MachoRelocation
2026-08-14T05:00:00.000000+00:00	NList	MachoRelocation
2026-08-14T05:00:00.000000+00:00	SymbolTableCommand	MachoRelocation
2026-08-14T05:00:00.000000+00:00	NumericUtilities	MachoRelocation
2026-08-14T05:14:01.914796Z	DyldChainedImport	DyldChainedFixups
2026-08-14T05:14:01.914796Z	DyldChainedImports	DyldChainedFixups
2026-08-14T05:14:01.914796Z	MachoProgramBuilder	DyldChainedFixups
2026-08-14T05:14:01.914796Z	MemoryBlockUtils	DyldChainedFixups
2026-08-14T05:30:12.951584+00:00	LinkEditDataCommand	DyldChainedFixupsCommand
2026-08-14T05:30:12.951584+00:00	DyldChainedFixupHeader	DyldChainedFixupsCommand
2026-08-14T05:30:12.951584+00:00	DyldChainedStartsInImage	DyldChainedFixupsCommand
2026-08-14T05:30:12.951584+00:00	DyldChainedStartsInSegment	DyldChainedFixupsCommand
2026-08-14T05:51:43.292607+00:00	DyldArchitecture	DyldCacheLoader
2026-08-14T05:51:43.292607+00:00	DyldCacheHeader	DyldCacheLoader
2026-08-14T05:51:43.292607+00:00	DyldCacheUtils	DyldCacheLoader
2026-08-14T05:51:43.292607+00:00	MemoryBlockUtils	DyldCacheLoader
2026-08-14T05:51:43.292607+00:00	DyldCacheProgramBuilder	DyldCacheLoader
2026-08-14T05:57:28.848750Z	ClassSearcher	ElfInfoProducer
2026-08-14T06:38:23.905322+00:00	RelocationFactory	LoaderRelocationHeader
2026-08-14T06:38:23.903775+00:00	StructConverterUtil	LoaderRelocationHeader
2026-08-14T06:44:57.537371+00:00	ExportedSymbol	LoaderInfoHeader
2026-08-14T06:44:57.537469+00:00	ExportedSymbolHashSlot	LoaderInfoHeader
2026-08-14T06:44:57.537575+00:00	ExportedSymbolKey	LoaderInfoHeader
2026-08-14T06:44:57.537781+00:00	ImportedLibrary	LoaderInfoHeader
2026-08-14T06:44:57.537906+00:00	ImportedSymbol	LoaderInfoHeader
2026-08-14T06:44:57.538919+00:00	SectionHeader	LoaderInfoHeader
2026-08-14T06:38:23.905322+00:00	SectionHeader	LoaderRelocationHeader
2026-08-14T06:56:09.636694+00:00	MemoryBlockUtils	UnixAoutProgramLoader
2026-08-14T06:56:09.636694+00:00	UnixAoutHeader	UnixAoutProgramLoader
2026-08-14T06:56:09.636694+00:00	UnixAoutRelocation	UnixAoutProgramLoader
2026-08-14T06:56:09.636694+00:00	UnixAoutRelocationTable	UnixAoutProgramLoader
2026-08-14T06:56:09.636694+00:00	UnixAoutStringTable	UnixAoutProgramLoader
2026-08-14T06:56:09.636694+00:00	UnixAoutSymbolTable	UnixAoutProgramLoader
2026-08-14T06:56:09.636694+00:00	MessageLog	UnixAoutProgramLoader
2026-08-14T07:12:26.772138+00:00	StructConverterUtil	FieldAnnotationsItem
2026-08-14T07:12:26.772279+00:00	AnnotationSetItem	FieldAnnotationsItem
2026-08-14T07:12:26.772871+00:00	DexHeader	FieldAnnotationsItem
2026-08-14T07:12:26.773318+00:00	DexUtil	FieldAnnotationsItem
2026-08-14T00:00:00.000000+00:00	TypeItem	ClassDefItem
2026-08-14T00:00:00.000000+00:00	TypeList	ClassDefItem
2026-08-14T00:00:00.000000+00:00	AnnotationsDirectoryItem	ClassDefItem
2026-08-14T00:00:00.000000+00:00	ClassDataItem	ClassDefItem
2026-08-14T00:00:00.000000+00:00	EncodedArrayItem	ClassDefItem
2026-08-14T00:00:00.000000+00:00	DexUtil	ClassDefItem
2026-08-14T00:00:00.000000+00:00	DexHeader	ClassDefItem
2026-08-14T07:29:22.125774+00:00	AndroidXmlConvertor	AndroidXmlFileSystem
2026-08-14T07:29:22.389252+00:00	ByteArrayProvider	AndroidXmlFileSystem
2026-08-14T07:39:12.400000+00:00	FileAttributes	SevenZipFileSystem
2026-08-14T07:39:12.410000+00:00	FileCacheEntry	SevenZipFileSystem
2026-08-14T07:39:12.420000+00:00	FileCacheEntryBuilder	SevenZipFileSystem
2026-08-14T07:39:12.430000+00:00	FileSystemIndexHelper	SevenZipFileSystem
